ID,Player full name,Current Value,Points,Average,Matches,Goals,Cards,Time Stamp
10024,MauroArambarri,209.000,22,3.1,7,0,2,2023-12-06 07:03:44.660704
10212,GabrielPaulista,5.948.000,44,3.7,12,0,4,2023-12-06 07:01:16.031102
10214,NachoVidal,200.000,20,5.0,4,1,0,2023-12-06 07:03:46.207159
11091,BraisMéndez,15.847.000,90,6.4,14,2,5,2023-12-06 07:02:54.173955
11092,AndoniGorosabel,2.260.000,51,3.4,15,0,3,2023-12-06 07:01:45.789942
11250,IgnasiMiquel,1.819.000,47,3.1,15,0,3,2023-12-06 07:04:06.938403
11418,FrancisCoquelin,251.000,2,2.0,1,0,0,2023-12-06 07:01:12.740177
11680,ChocoLozano,160.000,10,1.7,6,0,1,2023-12-06 07:01:41.194353
11697,LucasBoyé,5.867.000,39,3.5,11,3,4,2023-12-06 07:03:06.967552
11700,FerranTorres,7.254.000,59,4.2,14,3,2,2023-12-06 07:02:16.484303
11866,HugoDuro,10.363.000,85,5.7,15,7,2,2023-12-06 07:03:23.743012
11877,MiguelRubio,160.000,28,4.0,7,1,1,2023-12-06 07:03:44.702489
128,BorjaIglesias,1.587.000,21,2.6,8,0,2,2023-12-06 07:01:05.068978
12900,ViníciusJúnior,18.482.000,54,5.4,10,4,2,2023-12-06 07:02:26.316231
12902,Raúl deTomás,1.524.000,25,2.3,11,0,3,2023-12-06 07:02:33.911571
12911,GonzaloMelero,391.000,37,2.6,14,0,2,2023-12-06 07:03:48.569262
12916,EzequielÁvila,4.344.000,28,2.2,13,1,4,2023-12-06 07:01:40.133960
12941,ÓscarTrejo,2.080.000,43,3.1,14,0,2,2023-12-06 07:00:53.757722
12944,SergioAkieme,1.314.000,51,4.3,12,2,1,2023-12-06 07:01:17.936435
12945,FranBeltrán,1.282.000,47,3.4,14,0,2,2023-12-06 07:04:05.716837
12946,SantiComesaña,330.000,29,2.9,10,0,4,2023-12-06 07:00:50.425214
12947,KevinVázquez,474.000,15,2.5,6,0,1,2023-12-06 07:02:38.992185
12949,ThomasLemar,165.000,2,0.7,3,0,0,2023-12-06 07:02:03.249378
12951,JaimeMata,275.000,26,2.2,13,0,5,2023-12-06 07:00:50.253546
130,IagoAspas,18.091.000,76,5.1,15,1,4,2023-12-06 07:00:50.597426
13004,SergiGuardiola,160.000,9,1.5,6,0,0,2023-12-06 07:01:59.539177
13005,AndriyLunin,1.781.000,30,6.0,5,0,0,2023-12-06 07:02:53.988426
13014,ToniVilla,160.000,0,0.0,0,0,0,2023-12-06 07:01:36.210015
13015,ChrisRamos,7.344.000,82,5.5,15,4,1,2023-12-06 07:03:52.628354
13420,MouctarDiakhaby,1.072.000,33,3.7,9,1,4,2023-12-06 07:01:53.218485
13697,MikelMerino,10.152.000,53,4.4,12,0,3,2023-12-06 07:04:38.615881
13702,JoséArnaiz,160.000,25,3.1,9,1,0,2023-12-06 07:02:49.127699
13971,MarcCardona,216.000,35,3.9,9,2,1,2023-12-06 07:02:29.389116
14379,AitorFernández,173.000,10,2.5,4,0,1,2023-12-06 07:00:57.140521
14500,José ÁngelPozo,178.000,0,0.0,0,0,0,2023-12-06 07:01:56.001523
14670,ThibautCourtois,472.000,0,0.0,0,0,0,2023-12-06 07:00:58.526773
14691,AdriàPedrosa,4.890.000,46,3.8,12,0,1,2023-12-06 07:01:10.873773
14762,AndréSilva,888.000,5,1.7,3,0,0,2023-12-06 07:00:40.623837
14789,OihanSancet,12.521.000,68,5.2,13,3,3,2023-12-06 07:02:14.729986
14790,PeruNolaskoain,168.000,1,1.0,1,0,0,2023-12-06 07:01:18.264226
14791,GorkaGuruzeta,11.510.000,87,5.8,15,7,2,2023-12-06 07:00:53.696698
14796,ÓscarRodríguez,527.000,21,2.6,9,0,4,2023-12-06 07:00:43.154277
14803,MartínMerquelanz,197.000,0,0.0,0,0,0,2023-12-06 07:00:29.049799
14811,UnaiSimón,10.699.000,79,5.3,15,0,2,2023-12-06 07:02:51.812339
14839,ManuMorlanes,160.000,24,2.2,12,0,2,2023-12-06 07:01:15.114406
14911,ÁlvaroGarcía,10.099.000,78,5.6,14,4,5,2023-12-06 07:02:24.059628
15338,Robin LeNormand,8.337.000,55,4.2,13,1,5,2023-12-06 07:00:24.795507
15339,ValeryFernández,178.000,23,2.1,11,0,0,2023-12-06 07:01:13.263529
15342,AnderBarrenetxea,10.726.000,72,5.1,14,3,0,2023-12-06 07:01:53.335892
15344,BrahimDíaz,5.132.000,45,4.5,10,2,0,2023-12-06 07:02:40.263598
15345,AihenMuñoz,4.587.000,51,3.4,15,0,2,2023-12-06 07:03:33.991976
15566,YangelHerrera,13.678.000,86,5.7,15,4,4,2023-12-06 07:00:23.115263
15693,JaviGalán,160.000,14,2.8,5,0,1,2023-12-06 07:00:27.261856
15756,AlejandroCatena,4.992.000,49,3.5,14,1,6,2023-12-06 07:00:51.488098
158,DaniGarcía,209.000,28,2.8,10,1,3,2023-12-06 07:01:46.792241
162,GonzaloEscalante,160.000,23,2.1,11,0,1,2023-12-06 07:02:08.564805
16779,ÁlexSola,1.207.000,46,3.5,13,0,1,2023-12-06 07:01:20.173443
1684,KikeGarcía,2.184.000,58,3.9,15,2,1,2023-12-06 07:00:53.651777
16868,AnderGuevara,5.204.000,63,4.2,15,1,5,2023-12-06 07:02:44.992461
1689,RubénPeña,1.269.000,40,3.3,12,0,2,2023-12-06 07:01:45.285685
16976,MartínZubimendi,14.549.000,86,5.7,15,2,2,2023-12-06 07:01:22.388370
1708,ÁlvaroMorata,15.781.000,76,5.8,13,7,3,2023-12-06 07:03:54.806968
171,RubénDuarte,1.911.000,51,3.9,13,1,4,2023-12-06 07:02:43.581320
1718,AridaneHernández,564.000,30,3.3,9,0,3,2023-12-06 07:01:38.278086
17290,SergioCamello,1.073.000,33,2.8,12,0,2,2023-12-06 07:00:50.478144
17291,CarlesPérez,558.000,15,2.5,6,0,1,2023-12-06 07:02:26.292273
1743,VíctorDíaz,195.000,6,1.5,4,0,1,2023-12-06 07:02:32.726566
17452,ÉderMilitão,1.613.000,5,5.0,1,0,0,2023-12-06 07:00:46.132152
17453,Frenkie DeJong,15.792.000,57,7.1,8,1,4,2023-12-06 07:04:06.526575
17459,Rodrygo,16.642.000,91,6.1,15,6,0,2023-12-06 07:03:50.987178
17461,Fede SanEmeterio,175.000,6,2.0,3,1,2,2023-12-06 07:01:49.255343
175,AntonioRaíllo,2.277.000,29,5.8,5,1,0,2023-12-06 07:03:17.342677
1756,UnaiGarcía,164.000,0,0.0,0,0,0,2023-12-06 07:00:47.870960
17572,JaviMuñoz,2.259.000,44,2.9,15,0,1,2023-12-06 07:02:39.623959
1759,DavidGarcía,7.115.000,56,4.0,14,0,2,2023-12-06 07:04:16.658867
17614,KikeBarja,160.000,27,2.7,10,0,2,2023-12-06 07:02:38.858406
17615,SergioHerrera,3.784.000,48,4.0,12,0,2,2023-12-06 07:04:03.931300
1762,ÁlexBerenguer,5.649.000,51,3.6,14,2,2,2023-12-06 07:03:39.604349
17620,AntonioPuertas,176.000,29,2.1,14,0,1,2023-12-06 07:02:57.240771
17623,FerlandMendy,5.343.000,23,2.9,8,0,2,2023-12-06 07:01:53.864431
1773,KepaArrizabalaga,7.455.000,45,4.5,10,0,1,2023-12-06 07:01:48.738402
1775,RubénSobrino,187.000,33,2.5,13,0,6,2023-12-06 07:00:50.180494
17975,AbdónPrats,4.180.000,64,5.3,12,5,0,2023-12-06 07:02:22.863868
17979,MartinValjent,4.347.000,53,3.5,15,0,3,2023-12-06 07:02:35.414579
17980,DaniRodríguez,3.478.000,50,3.6,14,1,5,2023-12-06 07:03:04.443988
17981,IddrisuBaba,160.000,32,2.3,14,0,3,2023-12-06 07:02:14.752845
17989,Jorge deFrutos,950.000,42,3.0,14,1,0,2023-12-06 07:02:00.928272
18004,AnteBudimir,14.375.000,103,6.9,15,7,4,2023-12-06 07:01:54.181335
18109,LuisRioja,10.268.000,79,5.3,15,1,3,2023-12-06 07:02:22.731272
18186,JulesKoundé,12.669.000,56,4.7,12,1,0,2023-12-06 07:03:26.437943
18221,JoãoFélix,15.168.000,66,5.5,12,2,3,2023-12-06 07:01:55.840563
18223,LucasOcampos,10.160.000,64,4.9,13,1,4,2023-12-06 07:04:21.452618
18317,RaúlAlbiol,5.224.000,45,3.5,13,0,3,2023-12-06 07:02:50.965869
18437,AlbertoMoreno,1.021.000,26,2.4,11,0,2,2023-12-06 07:00:26.258995
18465,JosephAidoo,160.000,18,3.0,6,0,0,2023-12-06 07:01:09.406403
185,JoanJordan,202.000,8,2.7,3,0,0,2023-12-06 07:02:25.524681
18532,AleksandarSedlar,160.000,44,4.0,11,1,2,2023-12-06 07:00:51.992174
18533,Fernando,521.000,20,2.5,8,0,0,2023-12-06 07:00:44.604255
18555,DomingosDuarte,173.000,14,1.6,9,0,5,2023-12-06 07:01:52.622323
19146,NabilFekir,7.513.000,3,1.5,2,0,0,2023-12-06 07:02:16.475736
19168,NemanjaGudelj,3.803.000,42,3.8,11,1,5,2023-12-06 07:00:25.634347
192,VicenteGuaita,3.091.000,22,3.7,6,0,1,2023-12-06 07:01:51.137888
19514,CarlosNeva,1.053.000,42,2.8,15,0,2,2023-12-06 07:03:09.376554
19527,JonMoncayola,1.642.000,41,3.2,13,0,1,2023-12-06 07:02:10.943349
19562,TakefusaKubo,20.056.000,113,8.1,14,5,1,2023-12-06 07:00:51.372670
196,DamiánSuárez,4.061.000,47,3.6,13,0,4,2023-12-06 07:01:48.320173
19727,RodrigoRiquelme,7.403.000,51,4.6,11,2,1,2023-12-06 07:04:34.731070
19747,ThierryCorreia,8.289.000,58,4.1,14,0,1,2023-12-06 07:00:25.145613
19927,Raúl García deHaro,160.000,28,2.0,14,0,1,2023-12-06 07:01:37.861330
19977,RonaldAraújo,15.421.000,65,7.2,9,1,1,2023-12-06 07:01:24.914914
20107,ÉdgarGonzález,803.000,23,2.1,11,0,3,2023-12-06 07:02:41.959011
20111,ErikLamela,410.000,31,4.4,7,2,3,2023-12-06 07:01:00.987785
20131,ManuSánchez,3.121.000,45,3.8,12,0,1,2023-12-06 07:03:12.178439
20320,IñakiPeña,969.000,13,6.5,2,0,0,2023-12-06 07:00:57.551736
20346,GuidoRodríguez,9.869.000,66,4.7,14,1,5,2023-12-06 07:02:48.675797
20481,Suso,6.403.000,40,3.6,11,1,2,2023-12-06 07:00:50.244149
208,MoiGómez,5.929.000,47,4.7,10,2,1,2023-12-06 07:03:33.425753
21,IkerMuniain,176.000,21,1.9,11,0,1,2023-12-06 07:03:10.205474
213,StoleDimitrievski,10.001.000,70,4.7,15,0,1,2023-12-06 07:02:53.606902
21592,HugoGuillamón,178.000,18,2.0,9,0,1,2023-12-06 07:01:14.638214
217,DimitriFoulquier,220.000,22,2.2,11,0,1,2023-12-06 07:02:46.053692
22455,JavierLópez,2.657.000,47,4.3,11,0,1,2023-12-06 07:02:15.390856
22459,KikePérez,175.000,36,3.0,12,1,2,2023-12-06 07:02:55.396691
22471,JonPacheco,183.000,19,2.7,7,0,2,2023-12-06 07:01:45.306291
22502,AlexBaena,11.806.000,58,4.5,13,1,5,2023-12-06 07:00:44.013662
22527,AimarOroz,5.417.000,61,4.1,15,1,2,2023-12-06 07:03:50.883657
22543,RenatoTapia,222.000,10,1.7,7,0,3,2023-12-06 07:00:27.951713
22547,Pedri,16.230.000,35,5.8,6,1,2,2023-12-06 07:02:36.221163
22591,RafaMir,203.000,21,2.3,9,1,1,2023-12-06 07:01:48.151733
22601,Pepelu,15.283.000,96,6.4,15,2,2,2023-12-06 07:04:40.846182
22612,LuisMilla,2.328.000,18,4.5,5,0,1,2023-12-06 07:02:58.360066
22617,DavidGil,590.000,16,5.3,3,0,1,2023-12-06 07:00:39.200191
22618,FaliGiménez,2.181.000,61,4.4,14,0,5,2023-12-06 07:03:11.326137
22619,IzaCarcelén,1.419.000,43,3.1,14,0,1,2023-12-06 07:02:38.218978
22620,PachaEspino,5.594.000,55,3.7,15,0,5,2023-12-06 07:00:24.085912
22623,ÁlexFernández,380.000,28,2.5,11,0,1,2023-12-06 07:03:00.690497
22629,AlbertoPerea,188.000,3,1.5,2,0,0,2023-12-06 07:00:28.204061
22668,LucasTorró,4.103.000,47,3.9,12,0,3,2023-12-06 07:00:25.066852
22672,AlexCentelles,160.000,2,0.7,3,0,0,2023-12-06 07:01:49.244307
22720,JuanMiranda,6.055.000,33,3.3,10,0,3,2023-12-06 07:01:16.882705
22806,IvoGrbić,165.000,0,0.0,0,0,0,2023-12-06 07:01:26.773779
22877,JuanCruz,250.000,32,3.6,9,0,1,2023-12-06 07:03:11.857699
22880,OmenukeMfulu,168.000,6,1.5,4,0,0,2023-12-06 07:02:17.574717
229,DarwinMachís,4.124.000,42,3.5,12,3,1,2023-12-06 07:00:51.791328
22930,JeremíasLedesma,10.984.000,73,5.6,13,0,0,2023-12-06 07:02:24.640037
23002,ShonWeissman,196.000,9,1.8,5,0,0,2023-12-06 07:02:59.523524
23171,MarvinPark,1.854.000,42,3.8,11,0,1,2023-12-06 07:03:03.912173
23172,UrkoGonzález,160.000,3,1.5,2,0,1,2023-12-06 07:01:18.105189
23173,SergioArribas,9.276.000,78,5.2,15,5,0,2023-12-06 07:01:22.196071
23184,JorgeCuenca,1.582.000,38,4.2,9,1,1,2023-12-06 07:03:03.259928
23327,LuisSuárez,288.000,46,5.8,8,4,1,2023-12-06 07:00:24.364165
23369,JuanFoyth,9.179.000,55,5.0,11,1,1,2023-12-06 07:00:45.791314
24,UnaiLópez,1.081.000,50,3.8,13,1,3,2023-12-06 07:04:07.413465
24691,MiguelRodríguez,160.000,7,1.2,7,0,1,2023-12-06 07:01:17.065905
24706,YéremiPino,1.791.000,26,3.7,7,0,4,2023-12-06 07:01:37.761733
24726,RodrigoSanchez,889.000,38,3.5,11,0,0,2023-12-06 07:03:31.691280
24778,RobertNavarro,174.000,2,0.3,6,0,1,2023-12-06 07:01:08.555387
24789,NicoWilliams,15.420.000,75,6.3,12,2,1,2023-12-06 07:01:47.803913
24790,ÉtienneCapoue,4.230.000,48,3.2,15,0,3,2023-12-06 07:02:16.692600
24792,JuanIglesias,668.000,32,2.9,11,0,1,2023-12-06 07:02:01.178662
25606,PauloGazzaniga,9.940.000,60,4.0,15,0,2,2023-12-06 07:02:24.551087
25621,AndreiRațiu,575.000,10,3.3,3,0,1,2023-12-06 07:02:11.633086
25630,VictorChust,201.000,-1,-0.3,3,0,1,2023-12-06 07:01:05.347448
25657,RicardSánchez,1.084.000,45,3.2,14,2,4,2023-12-06 07:03:05.190550
25867,AntonioBlanco,2.786.000,39,3.0,13,0,1,2023-12-06 07:01:17.463867
25872,MiguelGutiérrez,10.142.000,66,4.7,14,0,3,2023-12-06 07:01:24.966937
25885,CarlosDominguez,166.000,7,2.3,3,0,0,2023-12-06 07:00:27.832621
268,JoséMari,160.000,3,1.5,3,0,0,2023-12-06 07:02:10.770170
269,José LuisMorales,1.234.000,43,4.3,10,4,0,2023-12-06 07:01:58.313485
270,RubénGarcía,1.462.000,46,3.8,12,2,0,2023-12-06 07:01:39.334417
27298,DavidAlaba,10.695.000,38,3.2,12,0,2,2023-12-06 07:03:17.954069
27333,EricGarcía,5.489.000,51,4.3,12,1,2,2023-12-06 07:00:25.324486
27422,CristianRivero,160.000,0,0.0,0,0,0,2023-12-06 07:01:45.450169
27425,Iñigo Ruiz DeGalarreta,9.533.000,66,5.5,12,1,4,2023-12-06 07:03:08.153031
27428,AntonioSánchez,1.252.000,35,3.5,10,1,2,2023-12-06 07:00:25.432803
27510,MemphisDepay,5.363.000,32,5.3,6,2,0,2023-12-06 07:03:27.938681
27517,IsiPalazón,11.930.000,72,4.8,15,2,2,2023-12-06 07:04:22.654963
27518,ÓscarValentín,6.034.000,60,4.3,14,1,3,2023-12-06 07:03:15.430596
27520,FranGarcía,2.977.000,29,2.9,11,0,1,2023-12-06 07:00:26.226302
27523,MartínPascual,160.000,0,0.0,0,0,0,2023-12-06 07:00:38.995446
277,RogerMartí,6.233.000,52,3.7,14,1,2,2023-12-06 07:03:37.737521
27841,YoussoufSabaly,167.000,14,4.7,3,0,0,2023-12-06 07:02:35.841414
27852,DanielVivian,8.950.000,66,4.4,15,0,3,2023-12-06 07:01:55.240329
27865,JesusAreso,1.402.000,43,3.1,14,0,1,2023-12-06 07:02:37.577425
27874,IvánMartín,10.075.000,67,4.8,14,3,3,2023-12-06 07:03:21.801707
28274,StefanMitrović,193.000,31,3.4,9,1,3,2023-12-06 07:03:28.085350
28279,FrancoCervi,162.000,14,2.3,6,0,1,2023-12-06 07:00:53.781323
28280,DominikGreif,160.000,0,0.0,0,0,0,2023-12-06 07:00:52.950291
28611,Rodrigo DePaul,11.525.000,55,5.0,11,0,1,2023-12-06 07:02:19.404861
28613,OmarAlderete,2.581.000,33,3.3,10,0,3,2023-12-06 07:04:11.363660
28619,IvánBalliu,3.015.000,46,3.5,13,0,1,2023-12-06 07:03:08.645117
28621,AbdelkabirAbqar,1.456.000,41,3.4,12,0,4,2023-12-06 07:02:03.893715
28677,BeñatPrados,160.000,14,1.8,8,0,0,2023-12-06 07:01:32.033740
28773,AitorParedes,2.315.000,47,3.1,15,0,4,2023-12-06 07:02:46.762789
28774,JulenAgirrezabala,160.000,0,0.0,0,0,0,2023-12-06 07:00:28.475868
28776,BeñatTurrientes,161.000,25,2.8,9,0,1,2023-12-06 07:00:51.011364
28778,JuanluSánchez,1.217.000,36,4.5,8,0,2,2023-12-06 07:02:42.604364
28784,José ÁngelCarmona,535.000,33,3.3,10,1,4,2023-12-06 07:01:39.573735
28790,AlbertoMarí,160.000,0,0.0,0,0,0,2023-12-06 07:01:35.977383
28791,JesúsVázquez,184.000,6,2.0,3,0,0,2023-12-06 07:01:13.698891
28794,FilipJörgensen,11.542.000,80,5.3,15,0,1,2023-12-06 07:00:52.563926
29,IñakiWilliams,16.892.000,113,7.5,15,7,2,2023-12-06 07:02:24.844599
29111,RaúlTorrente,256.000,22,2.2,10,0,2,2023-12-06 07:03:08.188007
29169,PabloIbáñez,199.000,23,2.1,11,0,2,2023-12-06 07:02:32.909067
29205,AlejandroBalde,8.379.000,44,3.4,13,0,1,2023-12-06 07:01:14.946381
29222,GiulianoSimeone,183.000,0,0.0,0,0,0,2023-12-06 07:01:41.048949
29235,Gavi,12.398.000,72,6.0,12,1,5,2023-12-06 07:01:25.561203
29359,MartínCalderón,162.000,0,0.0,0,0,0,2023-12-06 07:01:19.747846
29402,RandyNteka,161.000,20,4.0,5,1,0,2023-12-06 07:00:27.125998
29403,PathéCiss,2.977.000,55,3.9,14,1,2,2023-12-06 07:00:54.796753
298,SergiDarder,11.993.000,56,4.3,13,0,1,2023-12-06 07:02:43.498357
3060,MarianoDíaz,187.000,4,1.0,4,0,0,2023-12-06 07:01:34.467176
308,JohanMojica,3.953.000,39,3.5,11,0,0,2023-12-06 07:01:14.453147
31,JanOblak,10.062.000,58,4.1,14,0,1,2023-12-06 07:00:51.115526
3117,DiegoRico,8.805.000,53,4.8,11,0,5,2023-12-06 07:01:11.299396
31213,LuísMaximiano,3.440.000,40,3.3,12,0,1,2023-12-06 07:01:45.026541
31267,OmarMascarell,270.000,23,2.6,9,0,4,2023-12-06 07:01:27.960866
31355,AlexanderSørloth,10.263.000,70,5.4,13,6,1,2023-12-06 07:03:23.088813
31478,NikolaMaraš,208.000,0,0.0,0,0,0,2023-12-06 07:01:57.899502
31496,HéctorBellerín,3.462.000,24,2.2,11,0,1,2023-12-06 07:01:11.679272
3154,MikelVesga,4.744.000,46,4.2,11,2,1,2023-12-06 07:00:52.106369
321,Bebé,824.000,36,3.6,10,2,1,2023-12-06 07:00:25.481530
322,AdriEmbarba,1.682.000,44,3.1,14,0,2,2023-12-06 07:01:30.313117
328,DaniCarvajal,15.102.000,91,7.0,13,2,1,2023-12-06 07:02:27.232358
33032,RadamelFalcao,193.000,23,2.9,8,1,2,2023-12-06 07:00:44.109023
332,NachoFernández,1.797.000,21,2.3,9,0,2,2023-12-06 07:00:51.785835
334,SergioRamos,8.310.000,14,2.8,5,0,4,2023-12-06 07:03:09.701146
33734,AbdeEzzalzouli,3.309.000,45,3.5,13,1,0,2023-12-06 07:04:22.831561
33896,IliasAkhomach,639.000,30,2.7,11,0,2,2023-12-06 07:02:43.953627
34,JoséGiménez,4.540.000,28,3.1,9,0,3,2023-12-06 07:02:07.673604
340,Isco,17.410.000,106,7.1,15,2,4,2023-12-06 07:03:09.745246
343,ToniKroos,15.897.000,85,5.7,15,1,2,2023-12-06 07:03:21.440439
345,LucasVázquez,577.000,19,1.9,11,0,0,2023-12-06 07:01:48.073022
346,LukaModrić,9.942.000,48,4.0,12,0,1,2023-12-06 07:03:11.847298
354,AritzElustondo,1.179.000,20,4.0,5,0,0,2023-12-06 07:00:52.687597
35434,MarcPubill,171.000,13,3.3,4,0,1,2023-12-06 07:01:03.422668
358,ÍñigoMartínez,7.136.000,36,4.5,8,0,2,2023-12-06 07:03:02.114359
35924,JesúsOwono,160.000,0,0.0,0,0,0,2023-12-06 07:00:48.215983
35943,JaviLlabrés,162.000,18,2.3,8,0,1,2023-12-06 07:03:00.052517
36046,GonzaloVillar,3.559.000,53,4.1,13,1,4,2023-12-06 07:03:44.750276
36048,NahuelTenaglia,167.000,9,1.8,6,0,0,2023-12-06 07:01:24.184273
36084,CristhianMosquera,5.131.000,45,3.5,13,0,1,2023-12-06 07:03:56.508324
361,YuriBerchiche,4.692.000,40,4.4,9,1,1,2023-12-06 07:04:00.379797
362,JosebaZaldua,169.000,8,2.0,4,0,0,2023-12-06 07:00:49.827584
36321,GastónÁlvarez,7.563.000,58,4.5,13,1,3,2023-12-06 07:00:54.833780
36332,GiovanniGonzález,1.033.000,44,3.4,14,0,4,2023-12-06 07:02:44.831384
36344,NjegošPetrović,179.000,15,1.9,8,0,0,2023-12-06 07:01:04.941770
36371,VedatMuriqi,13.795.000,81,6.8,12,4,0,2023-12-06 07:03:54.250044
36376,ReinildoMandava,1.180.000,0,0.0,0,0,0,2023-12-06 07:01:08.593302
36377,MyrtoUzuni,4.610.000,65,4.3,15,5,1,2023-12-06 07:01:55.086117
37,StefanSavić,2.174.000,31,3.9,8,0,2,2023-12-06 07:01:31.955270
3710,DarkoBrašanac,160.000,0,0.0,0,0,0,2023-12-06 07:01:10.074024
3720,DavidLópez,11.385.000,68,5.7,12,2,3,2023-12-06 07:04:23.602861
3728,MarcRoca,10.004.000,69,4.9,14,2,2,2023-12-06 07:00:23.860045
3729,Youssef EnNesyri,10.065.000,50,3.8,13,5,1,2023-12-06 07:03:36.328890
3778,Joselu,14.635.000,62,4.1,15,5,0,2023-12-06 07:03:51.191508
389,CarlosFernández,537.000,33,4.1,8,2,2,2023-12-06 07:04:34.585258
392,DenisSuárez,160.000,9,2.3,4,0,0,2023-12-06 07:00:41.439698
40029,JuanmiLatasa,2.275.000,53,3.5,15,2,3,2023-12-06 07:01:17.494883
40031,MarioDominguez,160.000,4,1.3,3,0,0,2023-12-06 07:01:06.895405
40032,MikaMármol,9.569.000,56,4.3,13,0,4,2023-12-06 07:02:37.124827
40089,UmarSadiq,4.243.000,41,3.2,13,2,2,2023-12-06 07:01:40.151636
40090,LargieRamazani,5.154.000,72,4.8,15,2,4,2023-12-06 07:00:53.574779
40093,LucasRobertone,9.268.000,53,4.4,12,0,4,2023-12-06 07:01:12.434895
40094,ArnauPuigmal,160.000,12,1.5,8,0,3,2023-12-06 07:02:15.078154
40095,SamuelCosta,10.185.000,70,4.7,15,1,3,2023-12-06 07:00:24.451938
40099,Chumi,1.008.000,27,2.1,13,0,2,2023-12-06 07:02:08.539154
40105,FernandoMartínez,204.000,3,1.5,2,0,0,2023-12-06 07:01:58.225601
40147,AntonioRüdiger,11.256.000,56,4.0,14,0,7,2023-12-06 07:02:41.386133
40164,ImanolGarcía,160.000,10,2.5,4,0,0,2023-12-06 07:01:43.129195
40166,AurélienTchouaméni,7.857.000,48,4.4,11,1,2,2023-12-06 07:03:53.383936
402,Vitolo,187.000,0,0.0,0,0,0,2023-12-06 07:00:57.377430
408,PichuCuéllar,160.000,0,0.0,0,0,0,2023-12-06 07:00:58.377927
410,BernardoEspinosa,160.000,1,1.0,2,0,0,2023-12-06 07:01:04.288699
413,JorgeMeré,194.000,15,2.5,6,0,0,2023-12-06 07:00:27.206940
415,LuisHernández,259.000,35,5.0,7,1,3,2023-12-06 07:01:25.552563
42,Koke,11.002.000,54,5.4,11,0,3,2023-12-06 07:02:17.271663
43,ÓliverTorres,915.000,24,2.4,11,0,3,2023-12-06 07:02:37.763371
431,JoãoCancelo,15.234.000,65,5.4,12,2,3,2023-12-06 07:02:42.021983
432,José LuisGayà,10.543.000,61,5.1,12,1,1,2023-12-06 07:02:25.662960
44,RaúlGarcía,160.000,11,1.8,6,0,2,2023-12-06 07:01:12.812912
444,DaniParejo,11.442.000,58,4.1,14,1,2,2023-12-06 07:02:12.675083
448,ÁlvaroNegredo,160.000,8,2.0,5,0,0,2023-12-06 07:01:08.533558
456,JaumeCosta,474.000,33,2.4,14,0,3,2023-12-06 07:02:58.823156
46,SaúlÑíguez,7.115.000,62,4.4,14,0,2,2023-12-06 07:03:35.481451
464,AleixGarcía,19.225.000,113,7.5,15,3,1,2023-12-06 07:01:21.910479
465,AlfonsoPedraza,2.131.000,27,2.7,10,0,4,2023-12-06 07:00:27.823192
474,ManuTrigueros,282.000,12,3.0,4,0,0,2023-12-06 07:02:43.523713
4753,YerayÁlvarez,201.000,10,2.0,5,0,1,2023-12-06 07:01:58.592358
476,GerardMoreno,17.934.000,94,7.2,13,8,0,2023-12-06 07:00:54.325471
477,LéoBaptistão,1.545.000,38,3.2,12,2,3,2023-12-06 07:01:42.335444
48185,PabloTorre,403.000,24,2.7,10,0,0,2023-12-06 07:01:25.703994
48188,Mohamed-AliCho,160.000,23,2.1,11,0,0,2023-12-06 07:00:50.224498
48194,WilliotSwedberg,172.000,16,3.2,6,1,0,2023-12-06 07:02:32.381879
48202,IbrahimaKébé,160.000,2,1.0,2,0,1,2023-12-06 07:01:27.168313
48203,RamónTerrats,210.000,28,2.8,10,0,2,2023-12-06 07:00:26.441243
48205,ArnauMartínez,4.188.000,32,3.2,10,0,3,2023-12-06 07:00:26.859580
48208,Juan CarlosMartín,210.000,0,0.0,0,0,0,2023-12-06 07:00:28.898976
48486,JoséCopete,160.000,16,2.3,7,0,3,2023-12-06 07:01:12.313539
48537,LuizHenrique,1.940.000,28,3.1,9,0,1,2023-12-06 07:01:58.003160
48556,AndreasChristensen,5.845.000,41,3.4,12,0,1,2023-12-06 07:00:48.955561
48575,AxelWitsel,11.411.000,67,5.2,13,1,1,2023-12-06 07:01:37.760511
48576,HouboulangMendes,160.000,7,1.2,6,0,0,2023-12-06 07:02:26.316650
48612,PepeReina,198.000,0,0.0,0,0,0,2023-12-06 07:00:28.079029
48616,SamuelLino,12.778.000,71,7.1,10,2,0,2023-12-06 07:01:53.609056
48617,Luca de laTorre,1.696.000,41,3.2,13,0,3,2023-12-06 07:03:44.087967
48620,Marcão,165.000,0,0.0,0,0,0,2023-12-06 07:00:39.238432
48626,MarkoMilovanovic,209.000,3,1.5,2,0,0,2023-12-06 07:01:05.160216
48657,Raphinha,10.319.000,43,3.9,11,2,2,2023-12-06 07:00:44.632630
48672,FabrizioAngileri,193.000,5,1.3,5,0,2,2023-12-06 07:01:54.786445
48684,RobertLewandowski,21.161.000,71,5.5,13,7,3,2023-12-06 07:01:48.436959
4886,AsierVillalibre,174.000,20,2.9,7,1,0,2023-12-06 07:01:04.583763
48920,PredragRajković,6.586.000,68,4.5,15,0,1,2023-12-06 07:02:50.541709
48935,YanCouto,8.022.000,68,4.9,14,1,4,2023-12-06 07:00:55.295815
48937,JonKarrikaburu,160.000,3,1.5,2,0,0,2023-12-06 07:00:52.824357
48950,NahuelMolina,7.831.000,46,4.2,11,2,0,2023-12-06 07:00:54.719230
48960,KikoFemenía,186.000,13,2.2,6,0,3,2023-12-06 07:01:18.973161
48964,AgustínMarchesín,160.000,0,0.0,0,0,0,2023-12-06 07:01:18.268151
49,ÁngelCorrea,3.840.000,53,4.8,11,3,0,2023-12-06 07:03:34.192225
49040,MomoMbaye,186.000,8,2.7,3,0,2,2023-12-06 07:02:08.459073
49077,Malcom AduAres,160.000,5,2.5,2,0,1,2023-12-06 07:00:27.985428
49092,TanguyNianzou,340.000,9,4.5,2,0,0,2023-12-06 07:01:29.046851
49101,JaviHernández,1.780.000,56,3.7,15,0,4,2023-12-06 07:04:09.130346
49111,CenkÖzkacar,200.000,18,2.3,8,0,2,2023-12-06 07:03:25.370368
492,WillianJosé,8.313.000,64,5.3,12,6,1,2023-12-06 07:02:55.289572
49275,AndréAlmeida,628.000,26,3.3,8,0,0,2023-12-06 07:03:42.005416
49279,JoelRoca,165.000,0,0.0,0,0,0,2023-12-06 07:00:47.933982
49288,AnderHerrera,449.000,31,3.9,8,0,2,2023-12-06 07:02:28.901252
49292,BrianOcampo,642.000,3,1.5,2,0,1,2023-12-06 07:01:29.835815
49296,FranPérez,4.041.000,63,4.2,15,1,2,2023-12-06 07:00:23.540895
49329,PepChavarría,163.000,5,1.7,3,0,0,2023-12-06 07:01:27.497376
49336,OriolRomeu,3.307.000,34,2.6,13,0,3,2023-12-06 07:04:15.156332
49341,Jørgen StrandLarsen,10.091.000,87,5.8,15,5,1,2023-12-06 07:01:53.284069
49343,ToniFuidias,188.000,0,0.0,0,0,0,2023-12-06 07:01:26.288704
49348,MatijaNastasić,1.204.000,28,2.8,10,0,3,2023-12-06 07:01:24.042820
49350,LázaroVinicius,160.000,14,1.8,9,0,0,2023-12-06 07:01:50.812298
49382,MarcosAlonso,207.000,11,2.8,4,0,0,2023-12-06 07:02:44.394447
49424,KikeSalas,309.000,24,6.0,4,2,1,2023-12-06 07:02:49.442147
5,Óscar DeMarcos,9.384.000,61,4.7,13,1,3,2023-12-06 07:04:05.316111
51,AntoineGriezmann,23.036.000,113,8.1,14,9,3,2023-12-06 07:04:11.112788
51060,JuanCruz,179.000,8,2.0,4,0,0,2023-12-06 07:00:28.263997
51135,PabloBarrios,7.370.000,50,5.6,9,0,2,2023-12-06 07:03:40.148647
51137,PabloMarín,160.000,0,0.0,0,0,0,2023-12-06 07:01:16.829315
51566,ChadiRiad,4.751.000,40,4.0,10,0,0,2023-12-06 07:03:45.268866
51903,CésarMontes,256.000,10,1.7,6,0,2,2023-12-06 07:00:42.317315
51915,DiegoMendez,180.000,2,2.0,1,0,0,2023-12-06 07:00:27.866739
51992,LoïcBadé,7.381.000,31,2.8,11,0,2,2023-12-06 07:01:14.435836
52043,AbnerVinícius,235.000,26,2.6,10,0,2,2023-12-06 07:03:31.656196
52044,ViktorTsygankov,11.684.000,76,5.8,13,3,0,2023-12-06 07:04:29.573950
52117,Jon AnderOlasagasti,160.000,6,2.0,3,0,1,2023-12-06 07:02:03.301338
52130,CyleLarin,2.812.000,44,3.1,14,0,2,2023-12-06 07:02:09.271282
52131,DiegoMariño,176.000,3,3.0,1,0,0,2023-12-06 07:01:36.106088
52188,SelimAmallah,1.562.000,25,2.5,10,0,4,2023-12-06 07:02:20.334716
52371,IkerMuñoz,174.000,28,4.0,8,1,2,2023-12-06 07:03:22.427996
52372,JavierGuerra,12.074.000,83,5.5,15,3,2,2023-12-06 07:04:21.351282
52377,JorgeHerrando,173.000,8,2.7,3,0,0,2023-12-06 07:01:35.373014
52404,ManuBueno,200.000,0,0.0,0,0,0,2023-12-06 07:00:37.872687
53091,FamaraDiédhiou,172.000,18,2.6,7,0,0,2023-12-06 07:01:38.626034
53092,JoséCallejón,176.000,29,2.4,12,0,0,2023-12-06 07:01:48.630514
53093,SergioRuiz,160.000,36,2.8,13,0,2,2023-12-06 07:03:20.591964
53095,BryanZaragoza,11.645.000,87,6.2,14,5,5,2023-12-06 07:00:54.210138
53096,AndréFerreira,4.079.000,47,3.9,12,0,1,2023-12-06 07:01:18.175366
53097,AdriLópez,160.000,0,0.0,0,0,0,2023-12-06 07:01:07.814979
53098,AlbertoMoleiro,5.789.000,34,5.7,6,1,0,2023-12-06 07:03:26.365604
53099,JonathanViera,6.459.000,56,6.2,9,2,1,2023-12-06 07:01:24.828608
53100,EnzoLoiodice,1.810.000,52,3.5,15,0,1,2023-12-06 07:01:48.178208
53101,Pejiño,193.000,20,2.5,8,0,1,2023-12-06 07:02:10.340138
53102,KirianRodríguez,11.944.000,89,5.9,15,2,4,2023-12-06 07:02:53.267660
53103,FabioGonzález,160.000,0,0.0,0,0,0,2023-12-06 07:01:02.879001
53104,BenitoRamírez,160.000,21,4.2,6,1,0,2023-12-06 07:00:27.222547
53105,SaúlCoco,5.263.000,56,4.7,12,1,2,2023-12-06 07:02:17.352545
53106,EricCurbelo,198.000,2,2.0,1,0,0,2023-12-06 07:00:38.924168
53107,SergiCardona,11.301.000,67,4.5,15,0,4,2023-12-06 07:01:22.880055
53109,ÁlvaroLemos,160.000,9,3.0,3,0,1,2023-12-06 07:00:27.254970
53110,AlexSuárez,6.217.000,51,3.9,13,0,2,2023-12-06 07:00:24.516558
53111,ÁlvaroValles,13.447.000,97,6.5,15,0,0,2023-12-06 07:03:23.412937
53113,HamariTraoré,9.192.000,62,4.1,15,0,4,2023-12-06 07:04:12.835384
53114,JudeBellingham,22.611.000,143,11.0,13,11,2,2023-12-06 07:00:23.218356
53143,AbdeRebbach,1.125.000,39,3.5,12,1,0,2023-12-06 07:03:41.603814
53144,CarlosBenavídez,190.000,23,2.3,10,0,1,2023-12-06 07:00:26.859091
53340,CristianHerrera,309.000,12,3.0,4,1,0,2023-12-06 07:01:20.642414
53409,Ben BreretonDíaz,175.000,21,1.9,11,0,2,2023-12-06 07:02:11.627658
53414,JuliánAraujo,2.236.000,51,3.9,13,1,3,2023-12-06 07:01:42.876909
53433,DanielFuzato,163.000,0,0.0,0,0,0,2023-12-06 07:00:28.995715
53434,ÇağlarSöyüncü,202.000,11,2.8,4,0,0,2023-12-06 07:00:27.472878
536,ÍñigoLekue,1.374.000,30,3.0,10,0,2,2023-12-06 07:02:30.631538
54817,ArdaGüler,1.763.000,0,0.0,0,0,0,2023-12-06 07:00:28.327742
54818,CésarAzpilicueta,2.114.000,36,3.3,11,0,2,2023-12-06 07:00:49.045917
54831,SergiAltimira,160.000,4,2.0,3,0,0,2023-12-06 07:00:54.525603
54833,FedericoGattoni,183.000,0,0.0,2,0,0,2023-12-06 07:01:46.034945
54834,DaleyBlind,9.373.000,60,4.0,15,0,2,2023-12-06 07:01:54.281959
54853,DaleySinkgraven,160.000,3,1.0,4,0,0,2023-12-06 07:01:30.912063
54868,Sávio,15.801.000,97,6.5,15,4,2,2023-12-06 07:01:56.563658
54896,JonathanBamba,11.344.000,82,5.5,15,2,0,2023-12-06 07:00:22.944358
54897,Siebe Van derHeyden,190.000,8,2.0,4,0,1,2023-12-06 07:00:43.132663
54900,CarlosDotor,388.000,20,2.5,10,0,1,2023-12-06 07:02:04.910892
54952,MatteoGabbia,182.000,19,2.7,7,0,2,2023-12-06 07:01:25.840767
54953,LucasPires,711.000,32,3.6,9,1,2,2023-12-06 07:02:50.308004
54957,JosedaÁlvarez,161.000,0,0.0,0,0,0,2023-12-06 07:01:52.228175
54960,RafaMarín,1.021.000,32,2.9,12,0,1,2023-12-06 07:02:53.314096
55008,MarcianoSanca,160.000,6,1.2,6,0,0,2023-12-06 07:02:10.267730
55009,FermínLópez,5.313.000,43,4.8,10,1,1,2023-12-06 07:03:37.767856
55011,JastinGarcía,160.000,0,0.0,0,0,0,2023-12-06 07:01:23.967834
55014,DanielLuna,160.000,0,0.0,0,0,0,2023-12-06 07:01:07.020557
55041,SamuOmorodion,7.303.000,72,5.1,14,5,2,2023-12-06 07:03:17.664737
55042,UnaiGómez,167.000,20,2.5,8,1,0,2023-12-06 07:02:25.565920
55043,MartínTejón,160.000,0,0.0,0,0,0,2023-12-06 07:00:48.680039
55044,JuanmaHerzog,160.000,0,0.0,0,0,0,2023-12-06 07:01:42.405493
55045,HugoSotelo,199.000,28,3.5,8,0,0,2023-12-06 07:00:50.939582
55057,DjibrilSow,3.046.000,42,3.8,11,1,2,2023-12-06 07:04:01.964877
55058,ArtemDovbyk,13.608.000,90,6.4,14,7,0,2023-12-06 07:03:41.318952
55067,DionLopy,728.000,36,2.8,13,0,1,2023-12-06 07:03:06.103284
55068,WilsonManafá,160.000,2,0.5,4,0,1,2023-12-06 07:01:19.397130
55069,CokeCarrillo,160.000,0,0.0,0,0,0,2023-12-06 07:01:38.163094
55088,CarlStarfelt,5.824.000,57,4.1,14,1,2,2023-12-06 07:04:18.853833
551,JaumeDoménech,160.000,0,0.0,0,0,0,2023-12-06 07:01:33.915101
55115,PabloGozálbez,160.000,9,1.8,5,0,0,2023-12-06 07:00:56.536094
55159,IbrahimaKoné,208.000,13,1.6,8,0,0,2023-12-06 07:02:22.115081
55434,SoryKaba,460.000,30,2.7,11,1,2,2023-12-06 07:02:25.684519
55439,HugoGonzález,160.000,7,1.4,5,0,0,2023-12-06 07:01:00.507205
55452,SergiCanós,1.036.000,21,2.6,8,0,0,2023-12-06 07:00:44.725120
55453,ØrjanNyland,1.843.000,30,4.3,7,0,0,2023-12-06 07:00:26.485131
55454,ArsenZakharyan,422.000,24,2.7,9,0,0,2023-12-06 07:01:50.518701
55462,SilviClúa,185.000,1,1.0,1,0,0,2023-12-06 07:02:02.230971
55463,SantiGarcía,207.000,1,1.0,1,0,0,2023-12-06 07:01:51.237367
55464,GorkaRivera,160.000,1,1.0,1,0,0,2023-12-06 07:00:52.923038
55484,MáximoPerrone,2.537.000,39,3.3,12,0,2,2023-12-06 07:02:19.063938
55491,DodiLukébakio,6.033.000,51,4.6,11,2,0,2023-12-06 07:03:09.734032
55518,IanisHagi,3.045.000,39,3.5,11,0,2,2023-12-06 07:03:57.691591
55519,KieranTierney,609.000,18,3.6,5,0,1,2023-12-06 07:01:37.027284
55523,AnastasiosDouvikas,325.000,31,3.1,11,2,0,2023-12-06 07:03:33.871008
556,GerardGumbau,4.415.000,54,3.9,14,0,7,2023-12-06 07:01:24.726466
55649,RomanYaremchuk,180.000,11,1.4,9,0,0,2023-12-06 07:01:30.530417
55654,NicoPaz,400.000,1,1.0,3,0,0,2023-12-06 07:00:41.667055
55656,JhonSolís,160.000,0,0.0,2,0,0,2023-12-06 07:01:43.460547
55662,BoubakarySoumaré,1.779.000,20,2.9,7,0,3,2023-12-06 07:03:03.881206
55663,MihailoRistić,182.000,17,3.4,5,0,0,2023-12-06 07:02:48.413317
55664,UnaiMarrero,203.000,0,0.0,0,0,0,2023-12-06 07:00:38.184597
55666,ÁlvaroFernández,715.000,27,2.7,10,0,1,2023-12-06 07:03:17.951185
55667,RominigueKouamé,160.000,16,2.7,6,0,2,2023-12-06 07:02:14.191477
55668,MasonGreenwood,10.209.000,60,5.5,11,2,2,2023-12-06 07:04:13.891959
55696,MikiBosch,160.000,1,1.0,1,0,0,2023-12-06 07:01:39.726755
55738,CésarTárrega,160.000,1,1.0,1,0,0,2023-12-06 07:01:16.196216
55741,FranVieites,1.059.000,15,5.0,3,0,0,2023-12-06 07:00:27.868974
55743,CarlosRomero,160.000,12,3.0,5,0,1,2023-12-06 07:00:42.104428
55754,AssaneDiao,4.048.000,41,5.1,8,2,2,2023-12-06 07:03:16.811899
55790,RicardoVisus,160.000,2,2.0,1,0,0,2023-12-06 07:01:56.639989
55794,MarcGuiu,189.000,11,11.0,1,1,1,2023-12-06 07:02:15.595841
55871,SokratisPapastathopoulos,802.000,1,1.0,1,0,0,2023-12-06 07:00:47.676381
55966,AdriàAltimira,940.000,14,2.8,5,0,1,2023-12-06 07:00:57.293572
56,ClaudioBravo,1.506.000,28,4.0,7,0,0,2023-12-06 07:03:25.261137
561,MarcosLlorente,8.091.000,55,3.9,14,2,2,2023-12-06 07:02:40.394495
564,MikelOyarzabal,15.233.000,92,6.1,15,7,1,2023-12-06 07:00:23.541957
5642,ÓscarMelendo,208.000,30,2.5,12,0,2,2023-12-06 07:02:13.043480
5653,ToniLato,368.000,32,3.2,11,0,1,2023-12-06 07:00:26.806251
5691,ÁlvaroOdriozola,173.000,3,3.0,1,0,0,2023-12-06 07:01:47.288062
58,TerStegen,11.407.000,71,5.5,13,0,1,2023-12-06 07:00:23.714964
5916,JonGuridi,4.962.000,68,4.9,14,0,1,2023-12-06 07:00:24.330187
5917,IgorZubeldia,5.857.000,58,4.1,14,0,6,2023-12-06 07:01:23.307434
5920,CarlesAleñá,850.000,41,3.2,13,1,3,2023-12-06 07:02:12.543038
6025,RaúlFernández,164.000,13,3.3,4,0,0,2023-12-06 07:03:06.558799
6032,AlexRemiro,11.102.000,82,5.5,15,0,1,2023-12-06 07:01:53.477181
6035,IvánVillar,837.000,31,3.1,10,0,1,2023-12-06 07:03:50.840910
6040,NemanjaMaksimović,6.826.000,67,4.5,15,1,2,2023-12-06 07:02:51.836383
6041,JesúsVallejo,160.000,3,1.5,2,0,1,2023-12-06 07:00:40.762577
6042,MaxiGómez,164.000,29,2.4,12,0,2,2023-12-06 07:01:41.071680
6044,EnesÜnal,678.000,0,0.0,0,0,0,2023-12-06 07:00:38.124566
6046,BorjaGarcía,190.000,0,0.0,0,0,0,2023-12-06 07:01:27.948566
6049,CristianPortu,909.000,42,3.0,14,1,1,2023-12-06 07:00:25.108151
6053,Juanpe,198.000,11,2.2,5,0,2,2023-12-06 07:03:20.256435
6057,RubénAlcaraz,3.863.000,68,4.9,14,1,7,2023-12-06 07:03:46.781146
6061,AmathNdiaye,210.000,30,2.5,12,0,2,2023-12-06 07:02:07.907752
6064,ÁlexPozo,276.000,16,1.6,10,0,0,2023-12-06 07:02:35.187302
6068,IvánAlejo,273.000,41,2.9,14,0,7,2023-12-06 07:01:18.549291
607,BorjaMayoral,14.080.000,98,6.5,15,8,2,2023-12-06 07:01:24.436855
611,AarónEscandell,186.000,0,0.0,0,0,0,2023-12-06 07:00:58.026338
63,MarcBartra,160.000,5,1.7,3,0,1,2023-12-06 07:01:40.844156
7024,FedeValverde,18.091.000,84,5.6,15,1,1,2023-12-06 07:04:23.619654
7025,MarkoDmitrović,2.344.000,21,3.5,6,0,0,2023-12-06 07:02:26.105394
73,IvanRakitić,14.262.000,65,5.0,13,2,4,2023-12-06 07:01:20.057753
74,SergiRoberto,194.000,15,3.8,4,1,0,2023-12-06 07:03:04.878369
7775,AndrésGuardado,160.000,26,2.9,9,0,1,2023-12-06 07:00:28.708305
7784,UnaiNúñez,7.896.000,63,4.2,15,1,4,2023-12-06 07:03:20.246480
7843,MarioHermoso,10.493.000,62,4.4,14,0,4,2023-12-06 07:02:08.295326
7845,AdnanJanuzaj,193.000,3,1.5,2,0,0,2023-12-06 07:01:44.740751
7893,AntonioSivera,7.539.000,65,4.3,15,0,1,2023-12-06 07:00:52.605452
79,Munir ElHaddadi,4.138.000,48,3.2,15,1,2,2023-12-06 07:03:34.082343
7910,ChristianStuani,3.324.000,70,4.7,15,5,4,2023-12-06 07:01:24.069420
8171,DakonamDjené,1.821.000,40,3.1,13,0,7,2023-12-06 07:03:38.658819
82,Sandro,1.439.000,28,4.7,6,0,0,2023-12-06 07:03:25.342386
8952,JesúsNavas,4.928.000,30,2.5,12,0,4,2023-12-06 07:02:29.817580
8953,PabloMaffeo,3.486.000,25,2.3,12,0,2,2023-12-06 07:02:13.004626
91,GermánPezzella,10.328.000,60,4.3,14,0,3,2023-12-06 07:02:06.496768
96,DaniCeballos,1.015.000,14,2.8,5,0,0,2023-12-06 07:03:13.937139