ID,True_Values,Predictions
10024,2,-1.237958
10024,3,-0.17554124
10024,1,-2.453606
10024,2,-1.8884653
10024,7,6.495168
10024,2,-1.4326774
10024,2,-1.4244789
10212,3,1.3310698
10212,6,5.669704
10212,3,1.0283593
10212,2,-1.3008099
10212,0,-2.2364
10212,4,2.8630996
10212,5,4.4634705
10212,3,1.9145957
10212,5,4.561237
10212,-1,-4.721893
10212,6,5.467486
10212,4,2.1198144
10214,12,10.955341
10214,2,-0.1990482
10214,1,-1.7214125
10214,2,-0.56904835
11091,6,5.225914
11091,4,3.2784917
11091,2,1.2482306
11091,9,8.26075
11091,5,5.4881167
11091,15,11.245251
11091,1,-2.0160642
11091,6,7.402971
11091,6,6.479052
11091,12,11.832717
11091,5,4.293654
11091,4,4.2545013
11091,2,2.0760293
11091,5,4.496716
11092,3,0.19193645
11092,3,-0.24248604
11092,3,0.5009454
11092,4,1.2975937
11092,1,-3.392018
11092,3,1.5607024
11092,3,3.0794973
11092,2,-1.4179724
11092,3,2.1205256
11092,7,7.8964915
11092,2,-1.099796
11092,3,0.5520117
11092,3,0.5384792
11092,2,-1.7695645
11092,4,4.492671
11250,2,-0.15442316
11250,2,1.06018
11250,3,1.4073803
11250,0,-3.6493523
11250,5,6.147553
11250,3,1.8412876
11250,6,7.49404
11250,0,-3.5552151
11250,4,1.2690614
11250,2,0.6150803
11250,3,1.1089765
11250,4,2.5654428
11250,3,1.8384889
11250,1,0.3395043
11250,2,-0.00772886
11418,2,-0.9609683
11680,1,-2.9529214
11680,1,-2.0941975
11680,-1,-3.3493168
11680,1,-1.8797632
11680,2,-1.0724953
11680,2,-1.0503713
11697,9,10.9957905
11697,5,8.9003105
11697,3,0.41052872
11697,9,11.009666
11697,4,3.2697866
11697,4,2.5660887
11697,-7,-7.661464
11697,3,0.3716312
11697,3,0.13633306
11697,1,-3.4808278
11697,2,-1.2345059
11700,10,10.237154
11700,12,11.957916
11700,2,-1.5031193
11700,10,11.551166
11700,3,0.38896602
11700,2,1.0720007
11700,4,1.2965283
11700,1,-0.46822673
11700,2,-1.0883623
11700,2,-1.5453571
11700,1,-2.6887286
11700,4,3.6095319
11700,0,-2.9085274
11700,2,-1.2274894
11866,7,6.6944594
11866,3,1.9425697
11866,8,9.527926
11866,2,-1.4068252
11866,16,12.256219
11866,1,-2.2790444
11866,3,0.59797394
11866,2,-0.16616528
11866,2,0.47866416
11866,10,11.95661
11866,11,10.902695
11866,3,3.113908
11866,3,7.4535317
11866,2,0.88767153
11866,9,11.5928335
11877,2,0.46302754
11877,3,1.6816212
11877,9,10.238377
11877,0,-3.1861444
11877,4,3.0424771
11877,4,2.5043344
11877,2,0.85867673
128,2,-1.3551615
128,1,-2.6783824
128,0,-2.6616724
128,2,-1.2297095
128,2,-1.1647147
128,2,-0.79453665
128,6,5.783319
128,2,-1.0010997
12900,2,1.6231287
12900,7,9.244171
12900,1,-2.0330188
12900,2,-0.74137884
12900,5,5.557549
12900,11,11.16477
12900,2,0.53621936
12900,0,-2.5699036
12900,5,3.4441257
12900,16,11.478854
12902,5,5.5614505
12902,0,-3.8278015
12902,-1,-4.74269
12902,3,1.2891626
12902,1,-2.1784549
12902,2,-1.2013329
12902,2,-1.1285325
12902,3,1.2063293
12902,2,-0.21308105
12902,3,0.5675129
12902,1,-2.8865101
12911,2,-1.2979916
12911,1,-2.4974434
12911,5,5.489717
12911,3,-0.17335485
12911,4,1.5234298
12911,2,-1.1729386
12911,4,1.2658635
12911,1,-3.0436637
12911,2,-1.25996
12911,2,-1.2034274
12911,1,-2.7592762
12911,1,-2.3424144
12911,2,-1.2014066
12911,2,-1.5384516
12916,1,-2.3265707
12916,-6,-7.719254
12916,10,10.267358
12916,2,-2.6188457
12916,4,1.8460125
12916,-5,-4.7583785
12916,-1,-4.25028
12916,9,9.080323
12916,1,-3.114682
12916,2,-2.54541
12916,4,2.0620778
12916,2,-0.24554576
12916,2,-1.1385822
12941,3,1.4355574
12941,2,-1.9885465
12941,0,-3.7097342
12941,0,-3.057463
12941,3,0.4351678
12941,4,1.9883903
12941,3,0.5541752
12941,2,-1.7291691
12941,5,4.176102
12941,3,0.13930608
12941,2,-1.1613226
12941,6,5.346154
12941,5,2.0125601
12941,2,-0.7295685
12944,5,4.719855
12944,2,-0.1617351
12944,3,1.3078666
12944,10,11.561852
12944,10,11.620794
12944,4,3.2022579
12944,2,0.80385983
12944,0,-2.0826466
12944,1,-2.494962
12944,1,-2.9101808
12944,3,3.0349495
12944,6,6.999188
12945,1,-1.9524375
12945,3,0.4226572
12945,5,2.9210656
12945,2,-1.9400579
12945,4,3.7323115
12945,4,1.471116
12945,2,-1.2028812
12945,3,0.34221584
12945,3,0.12533589
12945,3,0.045435965
12945,1,-1.9670216
12945,3,0.1789087
12945,3,0.28299582
12945,4,2.6684544
12946,3,0.30420762
12946,1,-2.2558198
12946,2,-1.1017164
12946,1,-1.9630333
12946,3,0.46972293
12946,3,1.2302306
12946,2,-0.5085586
12946,2,-0.90014994
12946,2,-0.9852739
12946,3,0.43148416
12947,2,-1.3978479
12947,2,-1.2051435
12947,2,-1.4503609
12947,0,-3.071463
12947,2,-1.0859653
12947,3,0.41681653
12949,2,-2.239934
12949,0,-3.5175116
12949,-1,-3.9361045
12951,-4,-6.8854218
12951,3,-0.4445408
12951,1,-2.6328456
12951,3,-0.8145565
12951,1,-3.075688
12951,1,-2.134504
12951,3,0.6392135
12951,2,-1.214455
12951,4,0.9773777
12951,1,-2.567156
12951,2,-1.1579756
12951,0,-2.8348598
130,2,0.8368727
130,7,5.122921
130,5,6.2612543
130,6,5.7344375
130,7,4.9224916
130,5,6.8329706
130,1,-1.0583513
130,2,1.219993
130,2,3.6421123
130,5,4.770221
130,4,3.9469702
130,6,6.6699996
130,11,9.748394
130,3,3.5244377
130,4,4.602367
13004,2,-1.2946631
13004,2,-1.3521897
13004,2,-0.60148054
13004,1,-1.9935619
13004,1,-2.0769694
13004,1,-2.0430956
13005,4,3.291905
13005,8,8.3655
13005,7,8.85214
13005,7,7.2828107
13005,1,-1.3051251
13015,6,5.1912355
13015,4,2.1710048
13015,3,1.3851566
13015,12,11.264096
13015,2,-1.1771568
13015,10,10.475998
13015,2,-0.67726266
13015,7,8.146105
13015,4,4.868443
13015,2,-0.32117736
13015,9,10.68493
13015,4,2.843219
13015,2,-1.0153192
13015,2,-0.12249978
13015,9,11.471375
13420,11,11.507822
13420,4,1.3013933
13420,1,-2.8891654
13420,1,-0.43598038
13420,5,6.404618
13420,2,0.30383438
13420,2,-0.86482495
13420,2,-0.5715986
13420,2,-0.94041663
13697,2,-0.28772265
13697,4,1.7198495
13697,5,4.602279
13697,6,7.629186
13697,5,3.142612
13697,4,1.785292
13697,3,1.1139339
13697,5,4.0533257
13697,5,3.8432753
13697,3,1.0495675
13697,3,0.5399087
13697,6,6.464782
13702,2,0.741019
13702,2,-0.911324
13702,3,0.6492381
13702,2,-1.1279813
13702,9,9.280038
13702,0,-2.9320762
13702,1,-1.9757072
13702,2,-0.61085165
13971,2,-1.3486847
13971,1,-1.8603675
13971,2,-0.15629856
13971,9,9.784032
13971,9,10.96547
13971,1,-2.9839537
13971,2,0.30616903
13971,1,-1.9052397
13971,1,-1.6704301
14379,1,-3.7775
14379,4,1.8574065
14379,2,-1.7755576
14379,1,-2.1990116
14691,1,-2.5963957
14691,4,2.9975965
14691,3,1.3166629
14691,2,-1.0757469
14691,5,6.277748
14691,2,-1.0790004
14691,3,0.54189706
14691,1,-1.9854022
14691,3,1.3204812
14691,4,3.3226006
14691,5,6.1753335
14691,5,7.118296
14762,3,0.210054
14762,0,-2.3473766
14762,0,-2.2494125
14789,4,2.4201877
14789,-2,-5.1733475
14789,3,0.6984198
14789,6,4.4454684
14789,11,11.268261
14789,-6,-7.2839494
14789,11,10.701614
14789,3,0.60206056
14789,3,0.49477094
14789,8,8.003695
14789,9,10.769521
14789,6,7.738182
14789,5,6.4297996
14790,1,-1.6997284
14791,2,-0.41950792
14791,9,11.769705
14791,9,11.7402725
14791,2,-0.56693
14791,10,11.361705
14791,4,3.5468576
14791,3,3.6581383
14791,1,-2.0985253
14791,8,11.084716
14791,0,-3.6953397
14791,2,-0.002050206
14791,4,3.8821518
14791,13,11.717959
14791,2,2.799271
14791,12,11.218564
14796,3,0.020030275
14796,0,-2.9965956
14796,2,-1.5928999
14796,3,1.6572392
14796,1,-2.2196155
14796,2,-1.3366072
14796,4,2.297848
14796,2,-1.909659
14811,4,4.925776
14811,10,6.458795
14811,3,1.8696727
14811,2,0.77233154
14811,7,6.9290676
14811,8,6.62166
14811,4,4.6866975
14811,-1,-3.214193
14811,2,1.499431
14811,9,7.1721034
14811,7,6.3691497
14811,4,3.977008
14811,6,6.2030416
14811,4,3.7448514
14811,2,2.4767005
14839,5,4.9008403
14839,1,-2.585124
14839,2,-1.5168017
14839,2,-1.2800831
14839,0,-4.176229
14839,0,-2.957248
14839,1,-2.0935519
14839,2,-1.2703645
14839,1,-2.4821897
14839,2,-1.1559999
14839,2,-1.0220207
14911,2,-1.0476267
14911,12,11.536434
14911,0,-1.6404843
14911,3,2.0192175
14911,9,8.146932
14911,3,2.4324813
14911,3,0.5023274
14911,10,11.613949
14911,8,11.30576
14911,3,1.5413182
14911,4,3.8097217
14911,2,-0.11073808
14911,9,11.670385
14911,2,1.592834
15338,5,4.3832855
15338,3,1.8674
15338,3,0.54671085
15338,1,-1.8097938
15338,1,-1.7416226
15338,0,-2.0104406
15338,12,11.578619
15338,2,0.6964068
15338,3,0.69957364
15338,3,1.7590135
15338,3,1.3148935
15338,6,5.6294413
15338,4,3.3149517
15339,2,-1.1561918
15339,2,-1.1824347
15339,2,-1.2078643
15339,2,-1.1164688
15339,0,-2.6092017
15339,1,-1.8578926
15339,2,-1.5201126
15339,5,1.9155946
15339,2,-1.1519145
15339,1,-1.7966915
15339,1,-1.7990513
15342,3,0.18645476
15342,10,11.387987
15342,1,-3.1810603
15342,10,11.94245
15342,9,10.764074
15342,2,0.4556542
15342,4,2.4574172
15342,4,3.241377
15342,3,1.1923509
15342,5,6.681784
15342,6,7.4304137
15342,3,-0.26847595
15342,5,5.1304417
15342,0,-3.2969272
15344,1,-1.7193302
15344,5,3.3825805
15344,1,-1.6783143
15344,5,3.562806
15344,10,11.192426
15344,0,-2.6811624
15344,1,-1.9222344
15344,0,-2.9632413
15344,2,0.2952472
15344,14,11.657558
15345,6,6.271366
15345,2,-0.83305293
15345,2,-0.99443156
15345,3,0.5742129
15345,2,0.03111945
15345,3,1.2549826
15345,1,-2.8499424
15345,3,-0.089021906
15345,2,0.24768741
15345,6,5.1767163
15345,1,-2.3361423
15345,5,4.564573
15345,3,0.8622046
15345,1,-3.6003456
15345,2,-1.0820966
15566,3,2.3251276
15566,11,11.645184
15566,8,11.05818
15566,2,-0.75188845
15566,2,-0.99887806
15566,12,11.351527
15566,4,3.082695
15566,4,2.9690127
15566,4,4.1090617
15566,3,2.8018591
15566,10,10.775573
15566,4,2.7970445
15566,8,5.3845763
15566,4,2.9085193
15566,0,-3.4366934
15693,2,-0.86389285
15693,2,-0.8117499
15693,1,-1.8293415
15693,1,-1.8594993
15693,3,0.35578495
15756,5,4.2964177
15756,2,1.8885893
15756,6,4.254863
15756,-4,-7.1347146
15756,2,-0.8547314
15756,3,1.4329482
15756,4,2.6877248
15756,0,-3.3781345
15756,4,3.5190923
15756,5,6.461924
15756,1,-0.3402527
15756,2,-0.6945805
15756,11,11.298097
15756,1,-0.06370811
158,0,-2.920196
158,1,-2.0644822
158,1,-2.1004329
158,2,-1.0928551
158,0,-3.7173235
158,11,11.599709
158,2,-1.6029251
158,4,4.151814
158,1,-2.0737183
158,2,-0.3882026
162,-7,-7.5151706
162,4,4.9744487
162,3,1.852098
162,0,-3.6181986
162,3,0.24434465
162,4,3.9001412
162,3,0.30366123
162,3,-0.24914257
162,2,-1.7609196
162,1,-2.1687422
162,3,-0.07442483
16779,1,-1.8874916
16779,1,-2.073117
16779,3,0.5333589
16779,4,2.1199703
16779,3,1.9595355
16779,6,7.804773
16779,4,2.9736702
16779,4,1.5961767
16779,3,0.37906045
16779,1,-2.3602078
16779,2,-0.73766166
16779,3,0.7476434
16779,2,-0.5215687
1684,4,1.2654085
1684,16,12.489464
1684,5,3.8228438
1684,1,0.5715575
1684,2,0.8857891
1684,2,1.5854547
1684,3,1.2334908
1684,4,4.1889486
1684,5,4.170785
1684,1,-2.0709512
1684,2,-1.0022854
1684,4,5.3840933
1684,2,-0.84488237
1684,2,-0.9272525
1684,0,-3.3088672
16868,3,0.64077514
16868,3,-0.18577848
16868,3,1.4256165
16868,7,6.17061
16868,2,-0.06587951
16868,2,-0.19033031
16868,4,2.5955362
16868,4,1.7482718
16868,2,-0.19013874
16868,4,2.9140399
16868,8,11.308868
16868,5,4.724621
16868,3,0.9061609
16868,4,2.7582676
16868,2,-0.85251373
1689,9,6.434239
1689,2,0.8774966
1689,2,-1.1676217
1689,1,-1.9126595
1689,2,-0.33247966
1689,6,5.543294
1689,2,1.1068635
1689,4,2.2752955
1689,0,-3.9221513
1689,2,-1.7853051
1689,1,-3.442801
1689,2,-1.0746378
16976,4,3.4119012
16976,4,3.5608113
16976,5,5.5966306
16976,11,11.247936
16976,6,5.5151634
16976,4,2.573839
16976,3,1.9548099
16976,6,7.921446
16976,3,1.8644863
16976,2,-0.9824514
16976,5,5.2292275
16976,5,5.9198995
16976,10,11.579042
16976,5,5.755073
16976,4,3.5681624
1708,7,10.995932
1708,1,-1.6892871
1708,15,12.370427
1708,0,-1.1898044
1708,16,12.475967
1708,0,-2.5471716
1708,4,4.3275123
1708,5,5.8827686
1708,12,11.777121
1708,9,11.30616
1708,2,2.0242376
1708,0,-0.5236083
1708,0,-2.0127246
171,4,3.6641734
171,11,10.799911
171,3,1.6146476
171,6,4.7947507
171,4,3.0585024
171,2,-1.683946
171,0,-2.9265757
171,3,1.4129925
171,0,-3.0004256
171,4,3.2088857
171,3,1.2988468
171,2,0.024242774
171,2,-0.886927
1718,6,4.9482484
1718,5,3.255893
1718,-1,-5.4449444
1718,2,0.30504507
1718,3,1.0874213
1718,2,-1.150982
1718,2,-1.1588864
1718,3,0.70285547
1718,4,2.0805993
17290,-1,-3.9683797
17290,3,0.99274546
17290,2,1.0477496
17290,2,-1.1574279
17290,2,-0.46105993
17290,5,3.822343
17290,2,-1.0919418
17290,3,-0.3141523
17290,1,-1.2286017
17290,2,0.18177338
17290,4,1.0675534
17290,1,-2.5827672
17291,-1,-5.1221957
17291,2,-1.0119774
17291,3,-0.950718
17291,4,2.0563993
17291,2,-1.064896
17291,1,-2.8073246
1743,2,-1.2761695
1743,1,-3.0826626
1743,-2,-6.350721
1743,2,-1.309183
17452,4,2.2782004
17453,7,5.2643647
17453,7,6.3301053
17453,12,9.614111
17453,8,5.841487
17453,6,5.5701976
17453,3,2.9359694
17453,5,4.3004017
17453,6,5.8371983
17459,10,11.774124
17459,5,5.65108
17459,6,5.4656816
17459,4,3.4327877
17459,3,3.8287263
17459,2,1.5989028
17459,3,4.4742274
17459,2,-0.3309781
17459,2,0.4782259
17459,1,-0.14744698
17459,0,-2.359891
17459,2,2.7712643
17459,16,11.270901
17459,16,11.501236
17459,9,11.07708
17461,11,10.864904
17461,2,-1.8243942
17461,-8,-7.700867
175,12,10.966814
175,3,2.7182586
175,2,1.0133259
175,3,3.9751942
175,5,5.4672794
17572,3,-0.5428179
17572,1,-3.6651175
17572,3,-0.23298757
17572,0,-3.097113
17572,2,-0.0621147
17572,2,-1.1324288
17572,0,-3.4076192
17572,2,-1.1761968
17572,2,-1.3435675
17572,4,1.965751
17572,3,1.0148243
17572,8,8.876349
17572,3,1.9799343
17572,2,-1.0377954
17572,2,-1.321291
1759,5,4.403459
1759,4,4.096564
1759,3,1.3283502
1759,5,3.728009
1759,3,0.63519216
1759,6,5.4365683
1759,4,3.336105
1759,-1,-4.1933217
1759,5,4.13874
1759,2,0.40687472
1759,1,-1.6195155
1759,5,5.3615804
1759,3,1.790831
1759,4,3.3196201
17614,1,-2.6291716
17614,1,-2.6984584
17614,2,-1.0345331
17614,2,-0.521058
17614,3,-0.2367432
17614,0,-3.0438578
17614,5,2.1175182
17614,3,-0.25598693
17614,1,-1.9976989
17614,3,0.14724834
17615,2,0.8530091
17615,6,4.823295
17615,2,-1.2728947
17615,3,3.4081647
17615,7,7.234342
17615,4,5.5291877
17615,7,6.74367
17615,1,-3.7032773
17615,1,-2.917858
17615,1,-2.5367277
17615,1,-3.4260902
17615,7,5.6387706
1762,3,-0.21113591
1762,0,-2.979283
1762,2,-1.6555479
1762,1,-2.6648922
1762,4,4.4376163
1762,2,-0.78289175
1762,5,5.5373616
1762,3,1.7040218
1762,1,-2.1884677
1762,9,11.443762
1762,2,-0.7357217
1762,9,10.919617
1762,1,-1.9554962
1762,2,-0.6372648
17620,1,-2.54088
17620,-8,-8.484142
17620,2,-0.25225997
17620,1,-2.4033105
17620,0,-4.4858775
17620,6,5.4916134
17620,3,2.2332165
17620,2,-1.6376227
17620,2,-1.4621481
17620,3,0.3371668
17620,1,-1.9562637
17620,5,1.3838435
17620,3,1.3069257
17620,1,-2.1087263
17623,2,-1.5013889
17623,3,0.6192582
17623,3,1.1669698
17623,1,-3.2037332
17623,2,-1.449791
17623,3,0.39335132
17623,3,0.28266382
17623,2,-0.7923461
1773,4,5.111886
1773,2,-0.35923147
1773,8,8.016396
1773,2,-0.8902983
1773,2,1.37927
1773,5,5.303157
1773,2,1.0910424
1773,7,8.155722
1773,5,4.4372473
1773,1,-1.6335634
1775,3,-0.46423203
1775,2,-1.145173
1775,2,-1.1632785
1775,2,-1.2888056
1775,1,-2.7098823
1775,2,-1.2651507
1775,2,-1.2149347
1775,2,-2.344575
1775,2,-1.0704514
1775,2,-1.1528858
1775,4,2.752105
1775,2,-1.3324287
1775,2,-0.9671444
17975,8,11.254208
17975,1,-2.0366538
17975,15,12.223793
17975,8,10.652546
17975,4,4.7097034
17975,3,0.8907502
17975,1,-2.0266738
17975,4,4.0344844
17975,1,-1.9585
17975,8,11.050662
17975,1,-2.2449114
17975,4,3.7775724
17979,3,0.18851592
17979,3,0.34081066
17979,3,0.5042936
17979,6,4.6362677
17979,2,-1.299963
17979,-1,-4.6466284
17979,3,0.2093056
17979,3,0.0235302
17979,6,5.563786
17979,4,3.0765193
17979,5,4.0819864
17979,1,-2.9506361
17979,2,-0.6489606
17979,2,-0.11936347
17979,6,6.1614585
17980,5,4.0170445
17980,2,-2.211395
17980,2,-1.6205573
17980,3,1.3982393
17980,3,2.2366936
17980,-1,-5.6099877
17980,1,-2.9180892
17980,3,1.7149214
17980,10,11.328274
17980,4,3.92639
17980,6,4.7479153
17980,1,-2.4698386
17980,2,-0.82555753
17980,2,-1.5781115
17981,2,-0.6841946
17981,4,3.4445193
17981,5,3.6928651
17981,1,-1.0940225
17981,3,0.46477193
17981,2,-1.3925371
17981,1,-2.821507
17981,1,-3.0297747
17981,0,-4.4891753
17981,0,-4.221617
17981,1,-2.5602715
17981,1,-2.2834404
17981,0,-2.9287314
17981,3,0.394908
17989,2,-1.408315
17989,0,-3.6489651
17989,2,-1.6766744
17989,10,11.517893
17989,2,-1.2248114
17989,3,-0.5617531
17989,2,-0.55162317
17989,2,-1.281549
17989,3,0.17247693
17989,1,-2.4271724
17989,0,-3.0677311
17989,2,-1.3123908
17989,4,3.4250395
17989,2,-1.5805
18004,8,5.6238236
18004,2,0.65298694
18004,3,3.252321
18004,2,-0.775652
18004,9,10.516693
18004,3,2.3817108
18004,6,6.376288
18004,9,11.5184
18004,-1,-4.3156395
18004,16,11.78035
18004,2,-0.016227052
18004,16,12.32794
18004,10,10.953165
18004,3,3.4103239
18004,6,5.7120767
18109,3,2.4862597
18109,12,11.035285
18109,4,2.8857057
18109,8,8.644075
18109,3,1.7366426
18109,2,-0.028069481
18109,3,0.8329749
18109,2,1.5691551
18109,6,7.318146
18109,7,8.600089
18109,2,-0.5972637
18109,7,6.197685
18109,2,-0.82382137
18109,7,7.9414377
18109,2,2.5404096
18186,6,4.2936163
18186,5,5.3119607
18186,3,2.0830722
18186,14,10.459566
18186,4,3.5736246
18186,4,3.0272167
18186,0,-3.8873713
18186,7,6.5151453
18186,1,-2.1260035
18186,1,-1.1682794
18186,0,-0.75322163
18186,7,7.1924357
18221,2,-0.8157888
18221,12,11.319051
18221,6,7.2197785
18221,3,3.724733
18221,5,5.4095845
18221,5,5.6759515
18221,10,8.933729
18221,3,2.0701044
18221,1,-1.3028053
18221,4,3.9608483
18221,0,-3.0654182
18221,11,11.411488
18223,2,-0.9035222
18223,2,1.8218011
18223,4,3.0296075
18223,7,5.296682
18223,6,4.554488
18223,3,1.1397063
18223,3,0.644841
18223,6,6.302429
18223,9,9.891578
18223,4,3.6416798
18223,4,3.5285773
18223,3,0.95921916
18223,3,2.980395
18317,2,-1.3246804
18317,1,-1.5338162
18317,3,1.6424762
18317,6,5.0884166
18317,3,1.330442
18317,5,3.689885
18317,1,-3.0231647
18317,2,-0.4184702
18317,4,2.6816993
18317,2,1.8454965
18317,4,2.826566
18317,3,2.5831387
18317,2,0.9608918
18437,-1,-4.6299767
18437,6,5.6042924
18437,-1,-5.2618093
18437,3,-0.13208936
18437,2,-1.67019
18437,3,-0.24906991
18437,3,-0.41772437
18437,2,-1.0118427
18437,1,-3.4511278
18437,1,-2.2948573
18437,1,-2.1483984
18465,2,-0.05487065
18465,5,2.26951
18465,3,0.8011137
18465,0,-2.9350817
18465,3,1.1247017
18465,2,-1.0900465
185,0,-3.652536
185,3,2.956992
185,4,1.7037724
18532,3,0.586782
18532,4,2.6660228
18532,3,0.9909392
18532,4,1.6278082
18532,3,1.439476
18532,4,3.6054518
18532,2,-0.9135658
18532,3,1.3291456
18532,4,2.2063217
18532,2,-0.36078227
18532,11,11.527962
18533,1,-3.1374524
18533,1,-2.3778555
18533,2,-1.2273389
18533,5,3.2038238
18533,1,-2.5586197
18533,1,-2.4887402
18533,1,-2.7750843
18533,3,1.5333285
18555,4,0.6861795
18555,-1,-5.362553
18555,4,1.2486409
18555,3,-0.7213837
18555,1,-3.2714608
18555,2,-1.5935336
18555,-5,-7.0506783
18555,0,-2.9916737
18555,2,-1.6707627
19146,1,-1.9902083
19146,2,-1.1487869
19168,2,-0.105601
19168,1,-1.4237281
19168,8,11.1630945
19168,5,3.7550516
19168,5,4.029241
19168,1,0.38616806
19168,4,3.4597366
19168,3,2.8130486
19168,3,3.0946724
19168,3,1.1465554
19168,2,-0.51451105
19514,2,-1.9821595
19514,2,-1.0450801
19514,3,-0.34784478
19514,-1,-5.4516225
19514,0,-1.7324852
19514,2,-2.0113413
19514,3,0.14206131
19514,2,-1.9020934
19514,3,0.20407753
19514,2,-1.6931131
19514,2,-2.0792723
19514,3,-0.6273538
19514,7,6.117228
19514,1,-2.5893488
19514,2,-0.80459803
19527,6,4.908332
19527,2,-0.23244123
19527,3,-0.41088855
19527,2,-1.4027084
19527,3,-0.055067405
19527,3,1.0392662
19527,3,0.571106
19527,3,0.29366803
19527,2,-1.2589878
19527,0,-3.4169095
19527,5,6.293504
19527,2,-1.4692168
19527,2,-1.1769761
19562,11,11.626234
19562,6,6.943726
19562,5,4.7241426
19562,19,12.227407
19562,9,7.047833
19562,10,11.452547
19562,12,11.35766
19562,2,1.6213126
19562,7,8.052739
19562,6,5.519096
19562,6,5.1814494
19562,2,0.70906097
19562,5,4.865972
19562,7,6.3862114
196,3,0.05029042
196,2,-0.9162063
196,3,0.5619492
196,4,1.5115767
196,4,3.8856895
196,1,-1.8065683
196,5,3.577615
196,3,-0.20608424
196,2,-0.8144143
196,3,1.0522795
196,2,0.73022443
196,6,5.650209
196,2,0.08329947
19727,2,-0.9789383
19727,0,-3.9058664
19727,10,11.471947
19727,2,-0.69989747
19727,3,1.5510136
19727,5,5.8464303
19727,11,10.961153
19727,6,6.830527
19727,3,3.7081387
19727,2,0.8531032
19727,3,0.39232188
19747,4,2.9568276
19747,5,5.335296
19747,3,1.6675867
19747,0,-3.5521166
19747,6,6.833304
19747,3,2.2759225
19747,2,-1.4356991
19747,5,5.094312
19747,8,7.5887027
19747,5,4.3101726
19747,5,3.553589
19747,0,-0.809754
19747,6,5.2622666
19747,3,1.8825141
19927,2,-1.0392579
19927,2,-1.296383
19927,2,-1.349038
19927,2,-1.263813
19927,1,-1.9177347
19927,2,-1.110197
19927,2,-1.5849082
19927,0,-2.6153834
19927,5,1.7120663
19927,2,-1.4460534
19927,1,-2.1660607
19927,0,-3.189296
19927,2,-0.88349813
19927,1,-2.0378122
19977,7,6.446731
19977,7,8.92161
19977,3,2.937525
19977,5,5.7892623
19977,4,4.287041
19977,7,7.2026877
19977,13,11.551254
19977,5,5.219049
19977,7,6.8119245
20107,2,-0.26925105
20107,2,1.6235508
20107,-5,-7.6921263
20107,3,0.70504236
20107,1,-1.08971
20107,-1,-2.2420266
20107,3,0.005306244
20107,3,1.0465262
20107,2,-1.413718
20107,3,0.7315746
20107,6,4.86157
20111,2,-1.4617646
20111,8,10.142498
20111,1,-2.1825745
20111,1,-1.7538413
20111,10,10.677755
20111,4,2.694995
20111,0,-2.2311478
20131,0,-3.1231139
20131,4,2.92787
20131,2,-1.5039266
20131,5,5.1631336
20131,1,-3.0378382
20131,2,-1.0614598
20131,3,1.7071261
20131,4,2.7569563
20131,5,3.6475713
20131,3,0.8620475
20131,4,2.6405535
20131,5,5.617419
20320,4,6.100394
20320,8,8.78226
20346,5,3.7294705
20346,4,3.388298
20346,2,-0.35707206
20346,2,0.8771203
20346,1,-2.547916
20346,11,11.294273
20346,5,4.408626
20346,3,0.906675
20346,2,1.387413
20346,5,4.7738404
20346,2,0.34227473
20346,7,7.671367
20346,6,6.1401687
20346,3,1.6374844
20481,5,5.5413766
20481,2,0.027328804
20481,2,1.9377359
20481,1,-2.2154152
20481,11,10.028394
20481,2,-0.9333932
20481,2,1.9657612
20481,2,-0.0063435882
20481,2,1.8956738
20481,3,1.0053862
20481,2,-0.15750076
208,8,11.584546
208,3,3.0897758
208,3,1.8660144
208,2,-0.9672926
208,4,3.7734163
208,2,1.359372
208,6,8.043375
208,2,-0.8245012
208,4,3.4891827
208,10,11.611151
21,-1,-4.9118752
21,3,0.24517907
21,3,2.9410112
21,2,-1.0472893
21,2,-1.0583551
21,1,-2.065613
21,1,-0.41619796
21,2,-1.2784626
21,1,-2.1191604
21,1,-1.9442416
21,1,-1.5215043
213,8,7.391557
213,9,7.6900373
213,-1,-4.5261097
213,2,3.6947098
213,4,3.5540452
213,6,6.2669606
213,3,3.4656298
213,2,1.0567644
213,5,3.5626142
213,8,7.29112
213,2,1.7070671
213,8,7.676063
213,6,6.994
213,4,4.3796134
213,0,-4.641602
21592,1,-2.0901053
21592,2,-1.4026059
21592,2,-1.3930724
21592,3,-0.21359704
21592,2,-1.6712354
21592,1,-2.2323148
21592,2,-1.2436723
21592,1,-2.5554113
21592,1,-2.2235346
217,1,-2.6967947
217,2,-1.217322
217,2,-0.76830727
217,2,-1.1784905
217,3,-0.42154878
217,1,-2.4923584
217,1,-2.3146522
217,1,-2.1561847
217,0,-4.318281
217,3,1.3313453
22455,3,0.46747833
22455,2,-0.8905409
22455,2,-0.78390926
22455,2,-0.38690293
22455,7,7.3098807
22455,5,4.997005
22455,3,0.536579
22455,4,2.2263181
22455,4,6.273704
22455,7,7.8058467
22455,4,3.1197693
22459,1,-2.6489632
22459,4,3.6116364
22459,9,10.839573
22459,2,-1.4636701
22459,1,-2.3106184
22459,1,-2.7056127
22459,3,-0.39257085
22459,3,1.2851623
22459,2,-1.4739612
22459,2,-0.40204775
22459,2,-1.2683072
22459,2,-0.038192824
22471,1,-2.270743
22471,1,-1.8839184
22471,3,1.3417921
22471,4,0.7521378
22471,2,-0.83694583
22471,2,-0.13066022
22471,3,3.0068576
22502,7,6.2828946
22502,6,6.8613195
22502,13,11.78264
22502,2,1.8832448
22502,4,6.351842
22502,6,6.928739
22502,7,5.6964135
22502,-9,-8.728006
22502,3,0.7102695
22502,3,2.5694084
22502,3,3.1669197
22502,6,7.3521743
22502,4,4.6449533
22527,2,-0.6766127
22527,1,-2.6674871
22527,7,11.408909
22527,5,6.049808
22527,5,5.723516
22527,5,4.2672577
22527,4,3.1451147
22527,2,0.21012624
22527,1,-1.947575
22527,4,1.7400079
22527,3,1.676937
22527,4,4.060774
22527,3,0.40679467
22527,4,4.9436398
22527,3,0.5244682
22543,2,-1.1016928
22543,0,-3.0177271
22543,2,-1.0753261
22543,3,1.9365202
22543,-5,-7.687631
22543,4,2.901928
22547,3,3.518934
22547,12,9.727734
22547,4,3.4288285
22547,2,1.9653379
22547,4,4.9571605
22547,8,8.57004
22591,8,8.113672
22591,2,-1.2044984
22591,2,1.5974606
22591,1,-1.9178993
22591,1,-1.9181734
22591,0,-2.594856
22591,0,-2.782862
22591,1,-1.652203
22591,0,-2.8411958
22601,5,4.336329
22601,10,10.547159
22601,6,4.8387837
22601,4,3.9216263
22601,6,6.183332
22601,3,2.3122125
22601,5,5.0950427
22601,4,4.617227
22601,9,6.7848907
22601,7,6.1457334
22601,5,4.4522653
22601,9,10.842016
22601,4,4.250487
22601,5,4.2006946
22601,4,3.8903008
22612,4,2.6668155
22612,4,3.024752
22612,5,3.9959047
22612,4,3.9561024
22617,5,4.2482743
22617,1,-0.75713116
22617,9,5.903252
22618,5,3.973462
22618,5,4.651462
22618,5,4.9223247
22618,5,4.1380115
22618,1,-0.7568086
22618,3,1.5495459
22618,5,4.59609
22618,3,0.44295818
22618,5,3.456095
22618,3,2.1662674
22618,1,-2.1293697
22618,4,3.3653529
22618,3,2.411267
22618,6,5.275541
22619,4,1.8523488
22619,3,-0.37628615
22619,3,1.0634009
22619,2,-0.94338506
22619,4,4.820873
22619,2,-1.3029985
22619,5,5.402
22619,2,-0.9814709
22619,2,-1.3374851
22619,1,-2.349685
22619,5,4.4941235
22619,1,-1.8408197
22619,1,-2.5713906
22619,3,-0.237406
22620,5,4.6388927
22620,3,0.21484901
22620,2,1.7056453
22620,3,0.8891149
22620,5,3.425038
22620,4,2.821208
22620,4,3.7325904
22620,2,-0.16494082
22620,2,-1.430135
22620,4,2.118634
22620,1,-2.3989828
22620,4,2.5571
22620,4,4.4448533
22620,3,-0.114948794
22620,0,-2.4841712
22623,2,-1.1556506
22623,3,-0.21846943
22623,1,-1.9516429
22623,2,-1.0959795
22623,1,-2.169098
22623,2,-1.0286205
22623,1,-2.0334342
22623,2,-1.1513411
22623,2,-0.21782498
22623,2,-0.70253265
22623,4,2.9516838
22629,0,-2.7257884
22629,1,-1.7465549
22668,2,-1.2518321
22668,4,1.5786707
22668,2,-0.127178
22668,6,7.0570865
22668,2,-0.83866817
22668,1,-1.5022887
22668,5,4.295408
22668,5,4.541346
22668,2,-0.48209292
22668,5,3.9062095
22668,4,3.1904516
22668,4,3.669038
22672,0,-2.9601233
22672,0,-4.3585067
22672,-1,-5.0414467
22720,2,-1.3324537
22720,2,-1.3846599
22720,-1,-4.5106063
22720,2,-0.8714739
22720,3,0.47994465
22720,3,1.3366039
22720,5,4.612584
22720,7,7.204083
22720,3,2.609141
22720,4,2.7101
22877,3,0.38900596
22877,5,4.117345
22877,3,0.5284197
22877,3,-0.13353263
22877,3,1.4162704
22877,4,3.9896333
22877,1,-2.5564375
22877,3,0.60531074
22877,3,0.2729475
22880,2,-1.0784014
22880,2,-1.0173655
22880,0,-2.691544
22880,0,-3.1661987
229,5,4.1918836
229,2,-1.5702626
229,4,3.21768
229,16,12.2514305
229,2,-1.3168851
229,2,-1.4356055
229,2,-0.29911745
229,-9,-8.672455
229,7,10.326247
229,3,2.2194903
229,1,-1.9375464
229,1,-2.7273824
22930,5,4.2526765
22930,10,5.836436
22930,3,1.2091675
22930,3,2.1370769
22930,5,3.3324082
22930,10,6.146789
22930,5,5.478989
22930,6,5.098971
22930,6,4.622826
22930,2,2.657451
22930,5,4.3627076
22930,3,3.178994
22930,2,-0.5197899
23002,2,-1.1499017
23002,2,-1.0857263
23002,2,-1.1387019
23002,1,-1.9203011
23002,0,-2.640342
23171,2,-0.7326633
23171,3,0.8818944
23171,1,-1.9296173
23171,3,0.58292294
23171,3,0.3147201
23171,1,-2.069503
23171,6,7.616668
23171,5,3.7288215
23171,1,-2.7272391
23171,6,5.3990216
23171,5,6.586804
23172,1,-2.4400318
23172,2,-1.2914953
23173,4,3.5414262
23173,8,10.985043
23173,2,-0.8188018
23173,7,11.2107935
23173,3,1.6928759
23173,17,12.031549
23173,1,-0.41030943
23173,4,3.653123
23173,2,-1.0355884
23173,2,-0.6351569
23173,3,0.2941363
23173,3,2.6622279
23173,8,11.216238
23173,3,2.0243556
23173,5,5.1407824
23184,11,11.484811
23184,2,0.12445702
23184,3,2.0616
23184,2,1.5491153
23184,2,-0.6875867
23184,4,4.378961
23184,4,3.7505019
23184,4,3.7707617
23184,2,0.13385816
23327,3,4.2397733
23327,3,1.2217127
23327,1,-2.462627
23327,1,0.08045365
23327,6,7.1690817
23327,5,7.4493527
23327,4,8.80883
23327,20,12.062006
23369,7,5.152701
23369,5,4.1075406
23369,11,11.347734
23369,2,1.8075799
23369,5,5.026646
23369,4,3.8930206
23369,1,-1.7070614
23369,4,3.6841838
23369,2,1.3775755
23369,4,4.568652
23369,3,2.2068017
24,2,0.090381816
24,7,7.8393197
24,0,-4.534409
24,2,-1.065133
24,6,8.027286
24,3,2.2411807
24,2,-0.279473
24,3,0.2939754
24,2,-0.45352584
24,0,-4.3151155
24,2,-0.084235236
24,12,11.705551
24,2,-0.6950393
24691,2,-1.2924111
24691,0,-2.68176
24691,0,-2.723304
24691,0,-2.771023
24691,1,-2.1564338
24691,0,-2.7364395
24706,0,-3.4919045
24706,4,2.421083
24706,2,1.7761241
24706,6,7.2673984
24706,3,0.37962395
24706,2,1.388375
24706,5,5.922451
24726,4,3.3867524
24726,2,-1.2643111
24726,2,-0.57029206
24726,3,2.5399578
24726,1,-1.0368837
24726,5,5.0874496
24726,4,3.5420246
24726,5,3.95871
24726,2,0.024177387
24726,2,-1.4495269
24726,2,-1.0483729
24778,3,-0.708731
24778,2,-1.7165015
24778,2,-1.5533696
24778,-9,-7.960364
24778,2,-1.7080016
24778,1,-2.8186166
24789,-1,-4.6700907
24789,8,8.195043
24789,8,7.599434
24789,2,0.09102829
24789,2,1.9564067
24789,8,5.372614
24789,1,0.8109776
24789,4,5.402858
24789,11,11.17509
24789,9,6.9661436
24789,6,5.3793206
24789,12,11.246519
24790,3,0.34550083
24790,2,-0.15147947
24790,3,0.18080218
24790,0,-2.9817445
24790,2,-1.4694582
24790,2,-0.8722124
24790,5,6.5458503
24790,5,3.9737177
24790,4,5.0864363
24790,3,1.9120278
24790,3,1.2771238
24790,3,4.5467134
24790,3,0.98048526
24790,3,0.4900735
24790,2,-0.9502483
24792,3,2.6436281
24792,3,2.3997185
24792,3,-0.42310828
24792,2,-0.94952077
24792,1,-2.713434
24792,3,0.028236344
24792,3,-0.061384782
24792,3,0.7937251
24792,2,-0.15706734
24792,2,-0.1687956
24792,1,-1.7950926
25606,3,0.90598315
25606,2,2.6185644
25606,4,3.4768257
25606,8,6.8774133
25606,2,2.5840147
25606,2,1.4745433
25606,2,1.5559396
25606,2,2.8377872
25606,4,5.0099235
25606,2,0.70472044
25606,3,3.094201
25606,2,-0.2417228
25606,7,5.632708
25606,7,7.844928
25606,3,1.6895223
25621,4,1.5623622
25621,3,2.4095097
25621,1,-1.5503874
25630,2,-2.157644
25630,3,-0.4433084
25630,-7,-7.5650787
25657,2,-1.3632301
25657,2,0.16710688
25657,3,-0.1447479
25657,0,-3.3403456
25657,0,-2.6475656
25657,2,-2.1392543
25657,3,2.3832834
25657,10,10.870531
25657,4,0.9468695
25657,1,-2.6942914
25657,10,11.471525
25657,3,0.23546962
25657,1,-2.209859
25657,1,-2.62779
25867,3,0.35320324
25867,2,-1.1375357
25867,2,-1.0193517
25867,3,-0.4515537
25867,4,3.1201823
25867,4,2.344723
25867,-6,-7.9444613
25867,6,5.378903
25867,2,-1.1638175
25867,7,7.525033
25867,3,0.33320326
25867,5,4.0508375
25867,3,1.3917046
25872,3,1.2675108
25872,6,6.9988103
25872,3,1.9955171
25872,2,1.4006404
25872,4,3.8106558
25872,3,1.7756236
25872,3,2.6918879
25872,2,-0.1923825
25872,5,4.8281684
25872,6,6.294374
25872,5,4.150771
25872,5,4.3449044
25872,5,4.395082
25872,4,3.3496127
25885,2,-1.1144047
25885,2,-0.6623703
25885,2,-1.2452706
268,1,-1.9039963
268,1,-2.0907965
269,0,-3.2329357
269,2,-1.0519333
269,1,-2.4439194
269,2,0.28828216
269,0,-3.014464
269,0,-3.6326864
269,2,-1.2401423
269,1,-2.1090257
269,20,12.354832
269,8,11.254228
270,9,11.247304
270,2,1.9354657
270,5,4.516206
270,1,-2.6883032
270,1,-2.2910132
270,2,-1.2151626
270,4,2.8238513
270,2,-1.7841645
270,10,9.995371
270,2,-1.2002809
270,1,-2.3152475
270,2,-1.5041038
27298,7,6.7369866
27298,2,-1.2868778
27298,3,1.6721946
27298,4,2.9164164
27298,2,-0.3391729
27298,-1,-2.8998573
27298,2,-1.1401263
27298,2,0.9071376
27298,2,0.103590265
27298,3,3.1364503
27298,3,2.089565
27298,4,3.3404133
27333,2,-0.90233666
27333,3,0.7900979
27333,3,1.3600134
27333,5,5.2168603
27333,10,11.588501
27333,2,2.5372283
27333,5,4.83853
27333,4,4.3582487
27333,2,0.16190995
27333,3,2.1319256
27333,4,3.4612682
27333,5,4.5174317
27425,4,3.4928188
27425,4,4.3015523
27425,4,2.1177323
27425,4,3.5661473
27425,6,6.521524
27425,4,3.978317
27425,3,1.12521
27425,4,3.4774396
27425,10,11.598724
27425,5,4.7158213
27425,5,6.0939484
27425,5,5.6444697
27428,0,-2.714216
27428,3,2.8744211
27428,5,6.937995
27428,9,11.386839
27428,4,2.6298497
27428,2,-1.7779646
27428,3,2.0027988
27428,2,0.62317955
27428,2,-1.2947935
27428,0,-3.753429
27510,10,11.223079
27510,1,-1.868368
27510,9,11.867742
27510,2,-0.32640094
27510,2,0.7269276
27510,4,4.822066
27517,9,11.089474
27517,6,5.366062
27517,3,3.1079178
27517,3,3.2158682
27517,9,11.208748
27517,3,1.5575517
27517,4,3.671913
27517,3,3.1900957
27517,4,3.8332088
27517,4,3.019221
27517,4,3.7216487
27517,3,0.46260053
27517,4,5.27895
27517,5,5.592781
27517,2,-0.9341833
27518,3,-0.35947227
27518,6,5.918113
27518,1,-1.6112119
27518,3,0.89957845
27518,5,6.006907
27518,3,1.4761128
27518,3,0.58049256
27518,2,-0.8445444
27518,10,11.273338
27518,0,-3.2283633
27518,7,7.127619
27518,3,3.0597153
27518,7,7.4894505
27518,0,-2.7015054
27520,6,5.330317
27520,4,1.9375626
27520,2,-0.95626515
27520,0,-2.5249445
27520,6,7.2808714
27520,0,-3.5692458
27520,1,-1.9242722
27520,0,-2.7237859
27520,3,1.2064058
27520,2,0.55511945
277,5,5.480659
277,1,0.19449301
277,2,0.57834744
277,3,0.68818474
277,1,-2.9878395
277,2,-1.2528942
277,1,-3.4947186
277,9,9.500397
277,3,1.626469
277,6,7.5723367
277,5,4.9807873
277,1,-3.006165
277,5,6.0843263
277,2,-1.246514
27841,6,7.196387
27841,4,3.8133357
27841,1,-1.5839678
27852,5,4.101294
27852,6,5.4641414
27852,3,2.2873726
27852,5,4.3418813
27852,5,4.8088756
27852,6,4.869289
27852,2,0.7141811
27852,-1,-4.0797944
27852,5,5.8623033
27852,4,3.1765249
27852,6,5.8663225
27852,3,1.550953
27852,2,0.4177032
27852,5,3.7641459
27852,4,2.5501926
27865,1,-2.0712688
27865,4,2.1967149
27865,2,1.3836654
27865,1,-1.9260458
27865,1,-2.051193
27865,6,5.5583916
27865,2,-1.0832789
27865,2,-0.10810731
27865,4,2.2506888
27865,2,-1.6679921
27865,3,1.7029424
27865,2,-0.6788215
27865,3,2.8007605
27865,5,3.9164095
27874,0,-2.981871
27874,2,-0.7271299
27874,3,0.9227139
27874,3,3.4507015
27874,2,-1.1726918
27874,12,12.161238
27874,2,-1.5315591
27874,3,1.739224
27874,11,11.456226
27874,2,-0.73082405
27874,9,11.69126
27874,5,6.3798957
27874,4,4.0844407
27874,3,2.0704365
28274,3,0.88052106
28274,-2,-6.131513
28274,3,0.42264438
28274,3,-0.11471318
28274,10,11.231594
28274,1,-2.4563615
28274,3,0.5866245
28274,1,-2.5682511
28274,3,1.0360348
28279,0,-1.9804331
28279,3,-0.15616588
28279,3,1.3421103
28279,2,-0.98962337
28279,1,-1.7682163
28279,2,-0.975045
28611,3,2.9382725
28611,3,2.2350066
28611,10,10.013008
28611,5,6.2189703
28611,6,7.103066
28611,4,3.8537567
28611,4,3.8985627
28611,2,2.089136
28611,4,4.8323503
28611,2,0.037762597
28611,4,4.4922695
28613,3,-0.29048055
28613,1,-2.0172849
28613,3,1.2828125
28613,5,2.960085
28613,4,2.4556603
28613,4,1.4504429
28613,5,4.1072645
28613,3,1.1886572
28613,7,7.6491637
28613,-7,-8.523903
28619,3,1.086039
28619,6,5.420895
28619,-1,-4.4627824
28619,3,0.69463384
28619,4,3.1300628
28619,4,4.6029854
28619,5,4.1400447
28619,4,2.4246368
28619,2,-0.60359126
28619,3,0.5307369
28619,3,1.365827
28619,5,3.431124
28619,0,-3.1546643
28621,3,1.2030547
28621,1,-1.9945809
28621,3,2.0037522
28621,2,0.36102426
28621,2,-0.55806667
28621,3,1.5984691
28621,6,5.5054703
28621,2,-0.39335155
28621,4,2.3732386
28621,0,-3.8905876
28621,3,1.3580153
28621,3,1.0424497
28677,1,-1.9859926
28677,2,-1.2848029
28677,0,-2.650118
28677,2,-0.1092584
28677,2,-1.1763515
28677,0,-3.0718389
28677,2,0.13747473
28677,1,-1.990297
28773,2,0.4282499
28773,5,3.8652847
28773,3,0.3732192
28773,5,4.2676387
28773,3,0.23049612
28773,4,1.9532014
28773,0,-4.133105
28773,2,-0.82630277
28773,4,2.0844405
28773,4,1.8030609
28773,1,-1.6862044
28773,5,3.87511
28773,-1,-4.668965
28773,4,1.9319631
28773,3,1.6009096
28776,3,-0.38831103
28776,2,-1.5981578
28776,3,0.30581462
28776,3,2.9307053
28776,4,1.793717
28776,0,-2.6292217
28776,2,-1.63855
28776,3,1.5565708
28776,2,0.02664803
28778,2,-0.13127302
28778,6,5.6935496
28778,2,0.9408311
28778,4,2.9575822
28778,6,4.757917
28778,4,4.0687466
28778,2,-0.28249055
28778,6,5.581253
28784,1,-1.9978877
28784,10,9.4929085
28784,1,-2.8147795
28784,4,2.8784282
28784,2,-0.9164918
28784,4,3.0388944
28784,2,-1.8370906
28784,3,-0.18024378
28784,1,-2.7380953
28784,1,-1.614148
28791,1,-1.8304626
28791,3,-0.29802084
28791,0,-2.5311654
28794,3,1.7184759
28794,2,1.3575183
28794,5,5.082847
28794,-2,-4.3472633
28794,9,7.8143477
28794,5,5.755467
28794,1,0.3064381
28794,11,7.106236
28794,1,1.0147014
28794,9,6.5446887
28794,6,5.416475
28794,2,3.0482805
28794,4,4.2105947
28794,10,8.749828
28794,3,4.044583
29,1,-0.7959416
29,9,9.765668
29,8,7.317935
29,3,3.8137167
29,11,9.215403
29,10,10.392243
29,11,10.093861
29,3,3.0293348
29,6,5.937628
29,4,5.04227
29,6,5.701917
29,12,10.467084
29,2,2.3369935
29,10,10.258784
29,11,11.111497
29111,2,-1.305823
29111,2,-1.6921698
29111,3,-0.13982062
29111,1,-1.9326068
29111,2,-1.2493306
29111,4,3.136908
29111,2,-0.1888194
29111,3,1.3023401
29111,-1,-2.0235994
29111,2,-0.6516256
29169,2,-0.5834585
29169,1,-2.0727956
29169,4,2.9924107
29169,3,-0.13976781
29169,2,-1.1061828
29169,3,-0.14487247
29169,0,-2.9517443
29169,2,-1.1713351
29169,0,-2.6178434
29169,1,-2.4828444
29169,0,-2.8300054
29205,3,1.1513401
29205,3,0.26574516
29205,3,1.1474966
29205,6,5.7608204
29205,2,0.4554597
29205,1,-2.779285
29205,2,-0.7523493
29205,3,3.8794343
29205,3,1.1807148
29205,2,-1.0886201
29205,4,2.6589012
29205,2,-0.863876
29205,4,1.5325819
29235,3,1.0599886
29235,3,2.2769413
29235,11,11.733685
29235,6,6.3911796
29235,5,4.9673767
29235,6,6.46367
29235,5,4.8539643
29235,8,7.930571
29235,4,3.7753813
29235,3,2.6833625
29235,6,5.5474
29235,5,5.3321147
29402,9,11.118301
29402,3,2.579993
29402,2,-0.9533047
29402,2,-1.2248528
29402,2,1.0309732
29403,2,-1.2888471
29403,10,11.61343
29403,2,-0.7772393
29403,2,-0.110080704
29403,3,0.104565784
29403,4,5.448334
29403,5,4.6258073
29403,2,0.78725547
29403,3,1.9924265
29403,5,5.566957
29403,4,2.794556
29403,2,-0.7276248
29403,2,-0.40915066
29403,3,2.2900715
298,7,7.15919
298,3,1.7524655
298,5,5.016639
298,2,0.5289108
298,4,3.80984
298,0,0.68959016
298,2,0.5160048
298,6,7.8234763
298,5,5.0076222
298,4,4.05843
298,4,4.0276947
298,5,5.091451
298,3,2.732383
3060,0,-2.8972054
3060,2,-0.331051
3060,0,-3.2658536
3060,2,-1.1576693
308,3,1.3002234
308,4,3.142045
308,1,-2.0643992
308,5,4.4986916
308,6,6.4958463
308,0,-2.697562
308,1,-2.5002823
308,3,3.3731725
308,3,2.5159056
308,5,5.1626916
308,2,-1.358171
31,4,4.562423
31,2,-0.49263924
31,5,4.753549
31,-1,-0.59042966
31,4,3.7348306
31,6,5.9276834
31,3,0.005639598
31,3,2.9664361
31,6,7.0656877
31,3,0.19543214
31,0,-3.002283
31,9,9.699821
31,4,4.0342073
31,3,2.218496
3117,4,4.19719
3117,6,6.8725157
3117,2,0.8858591
3117,5,4.7786736
3117,7,7.374121
3117,5,5.3409514
3117,4,3.3326118
3117,4,2.8970988
3117,4,3.474913
3117,4,3.0511384
3117,2,1.6685911
31213,2,1.440917
31213,3,2.5766184
31213,3,1.4640967
31213,3,1.700477
31213,2,1.1728259
31213,3,1.9784521
31213,5,5.352633
31213,4,5.0137715
31213,3,2.1231616
31213,2,0.5598958
31213,2,0.1395265
31213,3,2.833855
31267,3,-0.3037042
31267,3,0.03772199
31267,2,-1.5428017
31267,2,-0.9577324
31267,1,-2.646098
31267,4,3.128858
31267,0,-3.7639444
31267,2,-0.876981
31267,3,1.6422017
31355,0,-2.8662763
31355,4,3.327466
31355,9,11.3672085
31355,7,10.091802
31355,9,11.288618
31355,8,11.708389
31355,1,-1.9221784
31355,3,0.6079546
31355,1,-1.4338924
31355,2,-1.0144534
31355,13,11.27095
31355,5,9.008037
31355,6,6.8327985
31496,3,-0.38048518
31496,0,-4.239489
31496,3,0.7256515
31496,5,5.006169
31496,2,-1.5345079
31496,2,-1.2999176
31496,3,0.21877839
31496,4,2.233552
31496,4,1.2124411
31496,4,0.7951335
31496,-8,-8.145809
3154,2,-0.6890876
3154,3,1.0734746
3154,14,11.574034
3154,3,0.29871976
3154,3,0.23637398
3154,5,6.142137
3154,2,-0.5201196
3154,2,-1.0041832
3154,5,5.8859725
3154,-1,-3.6215599
3154,4,4.440841
321,0,-2.4890254
321,3,1.3735019
321,1,-1.6814164
321,1,-1.8078755
321,1,-1.787538
321,8,10.433338
321,10,8.61879
321,1,-1.8791863
321,3,2.4270408
321,3,0.41579652
322,3,1.900637
322,6,4.68429
322,2,-0.42697996
322,1,-1.7051231
322,5,5.6961274
322,3,1.2257322
322,3,-0.57685244
322,-1,-3.4835978
322,2,1.3506519
322,2,-0.14925794
322,5,5.0768085
322,0,-4.3749475
322,3,2.722249
322,5,5.509975
328,7,6.95559
328,6,5.2452426
328,5,4.2428694
328,5,4.2656813
328,7,5.7391567
328,4,3.8679993
328,6,7.0753508
328,11,10.181423
328,7,7.1407824
328,4,4.3128996
328,13,12.054394
328,4,3.6074135
328,4,4.94638
33032,1,-1.8561982
33032,1,-0.637188
33032,8,9.663847
33032,3,0.5596026
33032,2,-1.0292493
33032,2,-0.5633013
33032,0,-2.8555179
33032,1,-1.2023338
332,1,-2.271991
332,3,0.26729095
332,3,-0.28172332
332,3,-0.12477906
332,5,4.3782935
332,-6,-7.88966
332,0,-2.9224064
332,5,4.6329484
332,3,0.49111617
334,6,5.361608
334,2,-1.0979892
334,8,6.3307676
334,3,2.9485958
334,-6,-6.1148086
33734,5,2.511323
33734,4,2.3634114
33734,2,-0.8915224
33734,4,1.3557566
33734,2,-1.2170482
33734,8,9.493742
33734,2,-1.1473924
33734,1,-2.2762094
33734,3,0.016059324
33734,3,0.28852028
33734,1,-2.3362823
33734,1,-2.0021265
33734,2,1.3833231
33896,3,0.582546
33896,1,-1.9527606
33896,3,-0.35365313
33896,2,-1.3251094
33896,3,1.9534888
33896,3,0.08579536
33896,1,-2.3499959
33896,1,-2.267528
33896,3,0.32476604
33896,3,-0.01743345
33896,2,-1.0927942
34,2,-1.0521711
34,6,5.6086946
34,5,4.005276
34,2,-0.7984775
34,1,-2.0154917
34,3,0.7642406
34,3,1.1372501
34,2,-0.81698066
34,-1,-4.553336
340,8,6.84673
340,5,4.476443
340,10,10.273724
340,8,6.4127502
340,2,2.209359
340,6,5.0419464
340,5,5.294089
340,7,6.70993
340,4,3.340933
340,6,4.437138
340,14,9.778276
340,7,5.4307327
340,8,6.2307773
340,5,4.6271133
340,2,1.2610184
343,3,1.5312558
343,5,4.995894
343,3,1.8359238
343,9,7.237587
343,4,3.628796
343,9,9.1281
343,1,-1.4191734
343,7,7.5300555
343,3,2.7154152
343,4,4.2143893
343,5,5.864369
343,3,3.3657296
343,7,6.3343577
343,5,4.058744
343,9,6.2115817
345,1,-2.0296793
345,4,3.977539
345,0,-3.03725
345,-1,-5.2758794
345,4,3.764782
345,0,-3.3524349
345,2,1.2048186
345,2,-0.98993176
345,1,-2.2019742
345,2,-1.0356377
346,2,1.9933456
346,3,2.709872
346,2,-0.8153283
346,5,5.2323923
346,2,-0.7960681
346,2,-0.70158726
346,6,5.2565036
346,2,-0.11907731
346,8,9.1017065
346,3,2.8668015
346,4,3.481035
346,5,5.193388
354,5,4.7820034
354,2,0.75374824
354,2,-0.8408529
354,6,8.461475
354,1,-1.5807576
35434,3,0.056285277
35434,2,-0.294742
35434,2,-0.7282701
35434,4,4.100687
358,1,-1.7081763
358,1,-1.9327005
358,1,0.509473
358,8,6.6656027
358,5,4.385303
358,6,6.1372423
358,4,3.3753078
358,5,4.5238256
35943,2,-1.002411
35943,3,-0.0137902945
35943,3,-0.38615078
35943,2,-1.5761445
35943,0,-2.6537707
35943,3,0.82886004
35943,2,-0.9520777
35943,0,-2.5052903
36046,5,6.104936
36046,1,-1.9082605
36046,2,1.3763429
36046,2,-0.122845754
36046,2,0.071271256
36046,2,-0.47654766
36046,6,7.1285634
36046,2,-0.8174418
36046,2,0.37433577
36046,6,6.43179
36046,4,3.6136055
36046,12,11.007851
36046,1,-1.5902593
36048,2,-1.142381
36048,2,-1.3816956
36048,2,-1.1685749
36048,1,-1.7850226
36048,0,-3.2103286
36084,2,-0.79777116
36084,4,1.9073957
36084,5,4.4113894
36084,1,-2.4077346
36084,2,-1.2118267
36084,2,-0.19144605
36084,1,-1.4069647
36084,4,2.5608442
36084,3,1.1704899
36084,6,5.652447
36084,1,-2.2177274
36084,6,5.2236886
36084,2,-0.69246894
361,2,-1.0074407
361,3,1.3537885
361,4,2.8082025
361,2,-0.3873946
361,11,11.553092
361,1,-1.0765599
361,8,8.231474
361,2,-0.71565866
361,1,-1.9708515
362,2,-1.319012
362,2,-1.3365128
362,2,-1.5284852
362,2,-0.9905173
36321,4,4.195147
36321,1,-0.39775097
36321,6,6.154718
36321,3,1.6946368
36321,1,-1.9217082
36321,10,11.188441
36321,5,5.2911115
36321,5,3.7415888
36321,3,1.4737316
36321,4,2.5455244
36321,3,2.2865908
36321,4,2.6402264
36321,2,0.06581862
36332,3,0.29540995
36332,2,-0.708934
36332,2,-1.4162774
36332,5,3.5373938
36332,2,-1.924481
36332,1,-2.8833742
36332,5,4.683594
36332,3,0.62275255
36332,4,2.236981
36332,1,-2.9723318
36332,2,-0.97316664
36332,4,3.5283506
36332,2,0.5050631
36344,2,-1.0737817
36344,1,-1.8442458
36344,3,-0.30440098
36344,1,-2.2091181
36344,2,-1.2049052
36344,2,-1.1333078
36344,3,0.8857753
36344,0,-2.6704028
36371,5,3.9002302
36371,2,0.44180495
36371,3,2.9740345
36371,5,5.3414516
36371,12,11.856664
36371,6,10.835738
36371,11,10.9058695
36371,10,11.275328
36371,6,7.2726817
36371,5,3.9221365
36371,5,4.9950147
36371,4,3.603063
36377,2,1.1077086
36377,3,1.2806749
36377,9,11.705957
36377,0,-4.198835
36377,8,11.331913
36377,2,-1.128311
36377,1,-1.8026665
36377,11,9.955769
36377,1,-2.6891963
36377,1,-2.3332627
36377,11,10.295373
36377,3,0.14068998
36377,2,1.983369
36377,5,10.721273
36377,-1,-4.6208043
37,4,3.0030596
37,4,3.2952168
37,5,4.3644037
37,-2,-5.9122963
37,7,6.7477107
37,2,-0.38825893
37,5,5.2111974
37,2,0.674136
3720,4,3.5490503
3720,5,4.47144
3720,4,3.939464
3720,4,3.8750608
3720,12,11.740407
3720,11,11.996868
3720,6,5.608709
3720,5,7.139771
3720,5,5.107738
3720,6,5.4603305
3720,3,2.3009562
3720,0,-1.6161033
3728,5,4.6115327
3728,2,0.5651543
3728,4,3.2909563
3728,6,6.4003425
3728,0,-3.7979605
3728,4,4.739494
3728,2,-0.44395512
3728,10,11.208688
3728,2,-0.6538409
3728,10,11.4942
3728,4,2.8219914
3728,5,4.909022
3728,4,3.22947
3728,3,2.3457162
3729,6,10.598944
3729,-1,-5.3885894
3729,0,-0.7160637
3729,3,2.40018
3729,2,-1.3725699
3729,6,10.51748
3729,9,11.129143
3729,1,-2.8373272
3729,1,-2.3813753
3729,7,10.893715
3729,1,-1.7142347
3729,8,11.311446
3729,1,-0.41237015
3778,1,-2.8298528
3778,1,-2.8109016
3778,3,2.7115986
3778,8,10.974564
3778,9,11.004315
3778,2,-0.9975341
3778,7,9.231884
3778,10,11.5637
3778,7,8.3420105
3778,1,-2.6772034
3778,1,-2.8761313
3778,4,3.8416607
3778,1,-2.5449598
3778,2,-1.0730224
3778,2,-1.7878412
389,3,0.1113065
389,2,0.4714039
389,0,-3.4270682
389,10,11.288134
389,5,3.5753915
389,2,0.32706213
389,0,-3.0495749
389,6,10.844124
392,1,-1.7758139
392,2,-0.83546
392,3,0.9654307
392,2,-0.18761043
40029,1,-2.084103
40029,2,-1.6522653
40029,5,6.0023036
40029,2,-1.457868
40029,2,-0.213975
40029,8,9.851984
40029,9,9.078165
40029,4,4.234142
40029,3,0.010086164
40029,1,-1.502308
40029,3,-0.34201443
40029,1,-1.9400154
40029,0,-2.799514
40029,6,5.301823
40029,2,-0.7675392
40031,1,-1.7529253
40031,0,-2.3712962
40031,1,-1.2584059
40032,3,2.691093
40032,5,6.362538
40032,3,2.2225652
40032,3,2.6074975
40032,-4,-6.5068593
40032,3,2.2678683
40032,4,3.8292956
40032,4,3.2562397
40032,5,4.7835994
40032,6,5.7685027
40032,5,4.5974174
40032,4,3.9082325
40032,5,4.0874333
40089,3,0.28725925
40089,2,-0.802128
40089,3,-0.15386252
40089,0,-0.7081942
40089,0,-2.8285754
40089,-1,-4.3578687
40089,4,4.102671
40089,0,-2.8215487
40089,0,-2.9679801
40089,1,-2.838492
40089,4,3.8736117
40089,9,10.981446
40089,9,10.9295845
40090,4,4.6846137
40090,5,6.04613
40090,1,-1.7407728
40090,7,5.548487
40090,2,0.45032132
40090,2,-0.3085127
40090,3,2.9430885
40090,10,9.497841
40090,2,-0.83399874
40090,2,-0.9422299
40090,9,9.871954
40090,0,-3.908302
40090,3,0.50368065
40090,8,11.080432
40090,5,4.619847
40093,3,2.2877378
40093,6,7.112372
40093,2,0.28836328
40093,3,2.6146367
40093,7,7.891561
40093,5,6.1002293
40093,0,-2.306763
40093,3,3.939865
40093,5,6.5104413
40093,2,-0.2893116
40093,3,1.2211127
40093,7,5.848878
40094,0,-2.710559
40094,-1,-4.028685
40094,2,-1.2470957
40094,2,-1.3924174
40094,1,-3.2658207
40094,0,-2.7632558
40094,1,-2.1689026
40094,1,-1.8206644
40095,3,0.45572215
40095,2,-0.18339615
40095,11,11.763404
40095,4,3.6635628
40095,4,4.0244284
40095,-2,-5.5038733
40095,3,1.7750132
40095,6,5.030371
40095,6,5.691866
40095,5,3.9513958
40095,6,5.8861737
40095,3,2.7990818
40095,5,4.395945
40095,5,4.4596725
40095,3,0.6716905
40099,1,-2.7847223
40099,2,-1.0804216
40099,1,-1.992109
40099,3,-0.29993194
40099,1,-1.7723643
40099,2,-1.053717
40099,0,-3.9577277
40099,0,-3.4357846
40099,2,-0.73914933
40099,2,-0.6918654
40099,1,-2.244768
40099,3,3.4256918
40099,1,-2.0599015
40105,0,-3.163054
40105,2,-0.9185052
40147,4,1.6107122
40147,4,3.091299
40147,4,2.8692253
40147,2,0.5655003
40147,3,1.6689605
40147,-1,-5.1682954
40147,4,3.680011
40147,4,2.2541018
40147,4,3.767369
40147,4,3.4595115
40147,3,1.8144324
40147,2,-0.35663432
40147,4,3.803146
40147,6,6.560472
40164,3,0.0011531264
40164,3,0.0718108
40164,2,-1.4434543
40164,0,-3.8102953
40166,5,4.948712
40166,3,3.2624714
40166,4,3.509969
40166,5,4.954537
40166,1,-2.1048062
40166,4,4.5207353
40166,2,-0.11542587
40166,12,11.927998
40166,4,3.682138
40166,2,-0.5635571
40166,4,4.52638
410,0,-2.7191865
413,2,-0.8702381
413,2,-1.0048047
413,1,-1.9932417
413,3,0.70896375
413,2,0.72406
413,2,-0.69768006
415,3,1.5165488
415,5,4.3108735
415,12,11.543089
415,5,5.2446866
415,0,-3.0025032
415,0,-2.4697196
415,4,3.2808006
42,4,3.6697562
42,4,3.9319339
42,4,4.375217
42,6,7.4626904
42,7,5.1864185
42,8,6.960833
42,2,1.2629833
42,6,5.5498185
42,5,5.8525863
42,1,-1.8107799
43,3,-0.59904057
43,1,-3.0914507
43,0,-4.7448816
43,4,3.129412
43,4,3.5857592
43,-1,-4.884233
43,3,1.2136556
43,2,-1.5732712
43,1,-2.9899216
43,5,3.315037
431,3,1.7289544
431,16,11.7727585
431,13,9.737961
431,2,1.6721123
431,7,6.017139
431,2,2.2924893
431,6,5.7300243
431,2,0.52017736
431,0,-2.9828775
431,4,4.2014947
431,2,1.8793526
431,3,2.563458
432,2,1.4364064
432,5,4.379279
432,7,5.5625906
432,5,5.0480766
432,4,3.408051
432,2,1.6317334
432,2,-0.80630934
432,14,11.766163
432,4,3.8754914
432,6,5.4835143
432,1,-1.906375
432,2,-0.43878108
44,1,-1.9521858
44,1,-1.9204509
44,2,-1.276032
44,1,-2.1380389
44,3,-0.14270584
44,1,-1.6570643
444,7,5.828462
444,4,3.2224865
444,2,0.11114283
444,3,2.0781777
444,4,3.6816452
444,7,10.557599
444,5,4.245285
444,2,0.5132438
444,3,2.6287515
444,4,4.8465343
444,0,-1.8853713
444,5,4.7343936
444,3,2.2621782
444,3,2.6475494
448,1,-1.7376324
448,2,-0.2474504
448,2,-1.0643077
448,1,-1.6985403
456,3,-0.540237
456,2,-1.2830755
456,3,-0.22566746
456,2,-1.2469212
456,2,-1.1383442
456,-2,-6.2582917
456,2,-1.6084976
456,0,-3.0170395
456,3,0.044639125
456,2,-1.3083982
456,3,1.5389172
456,2,-1.2060915
456,4,2.5372322
456,3,0.048246637
46,3,2.1559927
46,2,-0.043748274
46,10,9.708591
46,1,-1.1935068
46,10,8.77091
46,5,4.4018655
46,5,5.742944
46,3,0.51037914
46,5,5.7671766
46,3,2.1161106
46,1,-2.177469
46,0,-1.7255675
46,2,-0.16066052
46,2,-0.14347376
464,4,3.9260247
464,5,4.7490325
464,10,10.603434
464,3,3.1884634
464,5,4.422967
464,8,5.831553
464,9,7.3098664
464,7,4.8474693
464,13,9.239817
464,10,6.966959
464,7,4.7239013
464,11,11.093616
464,5,4.719436
464,5,4.2674227
464,8,6.0372605
465,2,-1.4728996
465,4,2.3355286
465,7,8.4614935
465,-9,-8.720861
465,5,4.3232484
465,3,0.5083581
465,2,-2.0064757
465,0,-4.716728
465,5,4.2469926
465,4,3.0871131
474,4,3.2034473
474,0,-2.653094
474,0,-3.6980505
474,4,1.4683691
4753,2,-1.3183403
4753,2,-0.9316732
4753,2,-1.3236915
4753,2,1.670937
4753,0,-2.7665842
476,3,2.6792285
476,9,9.25298
476,4,3.543256
476,0,-0.06807254
476,10,10.421558
476,2,1.4123272
476,9,11.039153
476,8,7.9258957
476,15,11.414675
476,11,8.412038
476,9,8.843586
476,6,6.348285
476,2,1.726379
477,1,-1.6896423
477,0,-2.601026
477,2,-0.7453708
477,1,-1.7895613
477,2,-0.77648664
477,5,6.1548686
477,13,12.344681
477,2,1.4555504
477,1,-1.6770808
477,1,-2.0540946
477,1,-0.24413197
477,2,1.4984134
48185,3,-0.17146657
48185,0,-3.144119
48185,2,-1.1991962
48185,2,-1.0425811
48185,1,-2.1820927
48185,3,1.9981724
48185,0,-2.8626704
48185,4,0.9365384
48185,4,2.134739
48188,1,-1.9921423
48188,1,-1.9364344
48188,2,-1.797684
48188,0,-3.0059364
48188,1,-2.1160634
48188,3,-0.20139872
48188,5,2.3857553
48188,1,-2.1192462
48188,1,-1.9220346
48188,2,-1.0534818
48188,1,-1.8920151
48194,1,-1.5704113
48194,11,9.361426
48194,1,-1.7972013
48194,0,-2.5138543
48194,0,-2.5961645
48202,1,-1.9025
48202,1,-1.662704
48203,5,4.980003
48203,2,-1.3454729
48203,2,-1.3873907
48203,2,-0.7917269
48203,1,-2.370118
48203,3,-0.25117058
48203,3,-0.05840759
48203,3,-0.15885691
48203,2,-1.0290217
48203,2,0.0715812
48205,3,2.6790035
48205,2,-0.9202415
48205,2,0.5924237
48205,2,-1.3520516
48205,2,-1.1193029
48205,4,4.2428613
48205,4,3.31801
48205,2,0.07090922
48205,3,0.78751534
48205,3,1.4249039
48486,-1,-4.306351
48486,2,-0.3371321
48486,3,-0.08062807
48486,3,0.38983518
48486,2,-1.3037518
48486,2,-1.5594869
48486,2,-1.2118901
48537,6,6.8965917
48537,1,-2.0607152
48537,4,2.405288
48537,3,1.5172497
48537,3,0.13750373
48537,2,0.9958715
48537,2,-0.42892092
48537,2,-1.0734701
48537,1,-1.777678
48556,2,-0.058803335
48556,2,-1.1142036
48556,1,-2.16968
48556,3,2.59567
48556,6,7.120169
48556,1,-2.159192
48556,5,4.2972484
48556,4,3.771087
48556,2,-0.639577
48556,4,4.0553107
48556,2,0.90426046
48556,5,4.5008626
48575,3,2.4935956
48575,9,9.282633
48575,0,-1.2904786
48575,3,1.8851881
48575,5,4.712832
48575,2,1.8482097
48575,5,4.405954
48575,7,7.3519053
48575,6,5.958052
48575,3,2.1486099
48575,12,12.021471
48575,5,5.651357
48575,2,0.2664516
48576,1,-2.0876162
48576,0,-4.2684307
48576,0,-3.305867
48576,1,-3.2511637
48576,1,-1.8972917
48576,1,-2.7631423
48616,2,1.0862645
48616,6,6.1685987
48616,7,8.184306
48616,8,8.774342
48616,6,8.297796
48616,11,11.81625
48616,5,7.360031
48616,10,12.042077
48616,7,7.118389
48616,5,6.1931567
48617,0,-2.9619586
48617,2,-1.5709647
48617,2,-1.5459694
48617,5,5.9378324
48617,2,-1.8018979
48617,6,7.586366
48617,-5,-7.75331
48617,6,7.228413
48617,6,6.7511992
48617,1,-2.7761405
48617,1,-1.9555608
48617,4,3.2741642
48617,2,-1.4562408
48626,1,-1.6958077
48626,1,-1.8434892
48657,-8,-5.1599464
48657,1,-2.04577
48657,10,11.643242
48657,6,3.242994
48657,10,9.476513
48657,4,4.3107553
48657,2,1.9305319
48657,2,-0.34083235
48657,2,-0.9055168
48657,4,3.0500026
48657,6,5.9200606
48672,1,-1.9711415
48672,1,-2.616949
48672,2,-1.1544132
48672,0,-2.5594692
48684,1,1.1016786
48684,0,1.2754111
48684,8,9.892025
48684,7,9.874517
48684,11,11.154691
48684,15,12.333493
48684,4,3.4503412
48684,2,-0.7687898
48684,1,-2.5743937
48684,0,-3.591901
48684,14,12.144815
48684,2,0.7186749
48684,1,1.7242868
4886,1,-2.4429142
4886,9,10.791647
4886,2,-1.0273587
4886,2,-1.1226795
4886,2,-0.803042
4886,1,-1.9056693
4886,1,-1.940528
48920,3,2.2084022
48920,6,6.564132
48920,2,-0.8412402
48920,2,2.6887538
48920,10,7.5401883
48920,0,-0.32208812
48920,4,3.1911156
48920,4,3.350138
48920,3,2.3983042
48920,6,5.3466167
48920,3,2.1168907
48920,2,0.7962006
48920,2,-0.18785407
48920,5,4.911838
48920,5,5.8314276
48935,2,-0.8409591
48935,1,-2.0573788
48935,6,8.277635
48935,10,11.131311
48935,6,5.9926744
48935,4,3.0798447
48935,4,3.6227305
48935,8,7.890574
48935,5,6.6502743
48935,2,0.8356015
48935,2,-1.455635
48935,2,-0.64406794
48935,4,3.195299
48935,7,8.083058
48937,0,-2.4411948
48937,1,-1.8796278
48950,13,12.000821
48950,2,-1.4483348
48950,3,0.80751896
48950,1,-3.2416291
48950,9,10.957852
48950,0,-2.2099555
48950,6,8.451986
48950,5,5.6041713
48950,0,-3.746219
48950,2,-0.13327752
48950,-2,-3.7744362
48960,0,-2.6038983
48960,3,-0.007562369
48960,2,-1.4234165
48960,0,-3.50935
48960,3,0.32586926
48960,2,-1.2166779
49,1,-1.8409473
49,12,11.273657
49,2,1.6228602
49,2,-0.7767537
49,16,11.913028
49,5,4.9229827
49,2,-0.5353296
49,1,-1.7345674
49,2,-0.63190085
49,1,-1.2365586
49,4,5.4323187
49040,1,-2.4668014
49040,2,-0.28748494
49040,2,-0.51780254
49077,3,0.37996185
49077,0,-2.3144474
49092,2,-0.44451445
49092,6,7.074008
49101,6,6.611113
49101,3,0.9375127
49101,5,4.038278
49101,5,3.2204733
49101,1,-0.40890294
49101,5,3.6565738
49101,4,1.7384886
49101,3,2.4602888
49101,3,1.0609096
49101,3,1.0953984
49101,2,-0.90958315
49101,3,1.7820796
49101,2,0.58531517
49101,2,0.5331511
49101,4,2.9349453
49111,3,-0.086891785
49111,6,4.3897295
49111,1,-2.3772373
49111,-2,-3.8449326
49111,2,-1.180445
49111,2,-1.3629084
49111,0,-4.426773
49111,2,-0.94937223
492,11,12.308638
492,2,-0.8498552
492,8,11.337578
492,10,11.580249
492,2,1.7146637
492,1,-0.91658086
492,-7,-7.913237
492,9,11.401812
492,9,11.725716
492,3,2.0245345
492,9,12.0282135
492,2,-0.92806727
49275,6,6.31594
49275,2,-1.5323786
49275,3,1.9372422
49275,2,-0.55938643
49275,5,4.767137
49275,2,0.00080414116
49275,2,-0.79865295
49275,2,-0.78100914
49288,2,-0.8450583
49288,2,-0.61777157
49288,1,-1.6266497
49288,7,7.8642187
49288,2,0.07073863
49288,6,5.9135613
49288,1,-1.5653065
49288,5,4.6859174
49292,1,-1.9025568
49292,1,-1.320292
49296,5,2.3863342
49296,6,4.7000246
49296,3,1.1708199
49296,2,-0.7172815
49296,6,5.7813177
49296,5,6.185673
49296,1,-2.546972
49296,0,-3.5184515
49296,1,-2.49158
49296,4,2.8519328
49296,12,11.305444
49296,4,2.915168
49296,1,-3.0037134
49296,2,-0.667242
49296,3,0.5898561
49329,1,-1.9014026
49329,1,-1.8185772
49329,1,-1.898551
49336,4,2.5017817
49336,5,5.194778
49336,2,0.6755123
49336,4,2.7640376
49336,4,5.5458264
49336,2,-0.36352116
49336,1,-2.9549057
49336,2,-1.0782596
49336,3,0.40716356
49336,1,-2.852474
49336,-1,-4.652402
49336,1,-1.9696084
49336,1,-0.6245499
49341,2,-0.73130316
49341,1,-2.4322078
49341,3,3.5493822
49341,8,11.340923
49341,2,-0.75354344
49341,11,11.848825
49341,1,-1.9448768
49341,7,6.534537
49341,13,11.787366
49341,6,6.0894523
49341,2,-0.5442938
49341,2,1.8794844
49341,8,10.721024
49341,4,2.3259857
49341,10,10.93153
49348,2,-0.9928209
49348,-1,-3.64231
49348,3,-0.33839035
49348,2,-0.8505671
49348,3,1.6523212
49348,2,-1.1579801
49348,4,3.0956404
49348,2,-1.1018919
49348,1,-1.9860657
49348,6,5.447415
49350,1,-2.450423
49350,2,-1.1055835
49350,1,-1.9960462
49350,2,-1.188508
49350,-1,-4.2376933
49350,2,-0.60627496
49350,2,-0.5513219
49350,2,0.6567002
49382,3,3.5714889
49382,2,-0.83721226
49382,2,0.4527864
49382,2,-1.208241
49424,1,0.62196356
49424,2,0.68282396
49424,9,9.552179
49424,10,10.508226
5,1,-0.5894093
5,3,0.5484799
5,6,5.6829896
5,5,4.760097
5,5,6.3662186
5,0,-2.6037276
5,7,7.2447724
5,2,0.24813022
5,14,9.574659
5,3,1.1828929
5,4,3.8465326
5,3,2.037595
5,2,-0.15288346
51,1,1.14725
51,2,1.6995639
51,12,10.079916
51,0,-0.008941576
51,12,10.435007
51,10,10.905772
51,7,5.3468795
51,9,8.521083
51,20,12.121353
51,4,3.563665
51,3,3.493924
51,12,9.601348
51,9,8.567673
51,3,3.142884
51060,2,-1.0956788
51060,2,-1.2326952
51060,1,-1.9657842
51060,1,-1.6549126
51135,4,2.6748972
51135,5,5.122758
51135,10,9.182594
51135,4,3.782317
51135,5,6.0373693
51135,2,-0.13123676
51135,5,6.669552
51135,6,7.204289
51135,6,5.491369
51566,-1,-4.357426
51566,4,3.0406022
51566,4,2.122856
51566,3,2.206814
51566,4,3.4003198
51566,4,3.1946251
51566,2,-0.31888354
51566,3,2.0189676
51566,6,6.978666
51566,4,2.729096
51903,5,2.9122157
51903,2,-0.14457934
51903,-1,-5.4150267
51903,-1,-5.2509556
51903,0,-4.7844234
51903,3,1.1747688
51915,1,-1.6861407
51992,-8,-8.39075
51992,1,-0.92472655
51992,3,1.4340353
51992,4,3.2551432
51992,7,5.9608254
51992,4,3.259992
51992,4,5.637989
51992,1,-1.9551808
51992,3,2.9050028
51992,5,5.472668
51992,3,2.5916278
52043,3,0.62617743
52043,4,1.9064243
52043,0,-4.4348235
52043,3,-0.24611367
52043,3,0.50687563
52043,1,-2.5088475
52043,3,1.1770741
52043,1,-1.8644856
52043,2,-1.0310094
52043,2,-1.3395071
52044,6,7.1759486
52044,5,5.3536434
52044,2,1.4809215
52044,2,2.0976179
52044,10,11.924609
52044,3,1.5027134
52044,4,3.905317
52044,1,-0.22044818
52044,2,-0.2890457
52044,10,11.568563
52044,6,6.1268344
52044,12,11.743016
52044,6,6.527209
52117,1,-2.3235872
52117,2,-1.0060982
52117,2,-0.86766213
52130,3,-0.26328087
52130,3,0.43037283
52130,1,-0.9390754
52130,1,-2.0595453
52130,3,1.0068951
52130,2,-0.8628196
52130,2,0.77261835
52130,1,-1.4901125
52130,5,7.20911
52130,4,3.0716698
52130,1,-2.1201804
52130,2,-1.4456637
52130,3,0.7278239
52130,6,6.234369
52131,2,0.28870678
52188,3,0.5520008
52188,2,-0.770675
52188,3,1.8277987
52188,-4,-5.8442507
52188,4,2.9579778
52188,6,6.5217357
52188,2,0.93210995
52188,1,-1.9037809
52188,2,-1.3221151
52188,1,-1.6970327
52371,4,2.618513
52371,1,-2.8829613
52371,9,10.495681
52371,3,2.0046945
52371,3,0.4069448
52371,3,0.37250513
52371,2,-0.6911828
52372,9,10.752649
52372,5,6.0715504
52372,4,4.4490533
52372,3,3.2999785
52372,13,11.950336
52372,11,11.931585
52372,6,6.3834443
52372,1,-2.0483685
52372,4,4.740442
52372,5,4.7752547
52372,5,5.0661836
52372,3,2.423481
52372,2,0.934787
52372,1,-1.6660854
52372,2,0.30191505
52377,3,0.24725927
52377,2,-0.1477233
52377,2,-0.8454683
53091,1,-1.1426592
53091,3,-0.22208725
53091,3,1.6517904
53091,0,-2.590843
53091,2,0.5934617
53091,0,-2.5533383
53091,5,5.6577
53092,4,1.8145257
53092,2,0.22567476
53092,5,6.087059
53092,1,-2.4980485
53092,-2,-5.2024245
53092,4,2.570839
53092,1,-2.2334754
53092,1,-2.0609915
53092,2,-0.90629774
53092,2,-0.7776373
53092,0,-2.8486638
53092,2,-1.1129452
53093,2,0.005616978
53093,2,-0.4820869
53093,4,1.1042727
53093,2,-1.4794153
53093,3,0.31563044
53093,4,1.249296
53093,2,-0.8737485
53093,2,-0.87686914
53093,4,2.603981
53093,1,-1.8835082
53093,2,-1.0555319
53093,2,-0.8154047
53093,1,-2.619857
53095,3,1.1144729
53095,6,5.8159766
53095,12,11.422028
53095,10,10.584031
53095,0,-3.239385
53095,0,-3.147236
53095,7,7.008986
53095,12,10.31862
53095,18,12.2606945
53095,1,0.8209304
53095,8,6.5763025
53095,1,-0.42278075
53095,0,-1.7217544
53095,1,-1.358908
53096,4,2.5866904
53096,5,6.5072846
53096,3,1.9678249
53096,5,3.9860046
53096,2,2.4237607
53096,7,6.6018243
53096,1,0.86616707
53096,2,-0.67713743
53096,2,0.97093433
53096,3,4.870338
53096,4,0.4072001
53096,5,4.3262053
53098,3,1.1772542
53098,2,-0.24673842
53098,6,6.6865826
53098,9,10.065353
53098,7,6.924654
53098,4,3.0548644
53099,10,11.29931
53099,6,5.9482813
53099,5,5.6648765
53099,5,5.8639197
53099,5,4.4469275
53099,3,1.8972734
53099,3,3.3404038
53099,11,11.886365
53099,6,7.6467996
53100,4,2.0980108
53100,4,2.6963537
53100,8,7.1415477
53100,2,-1.5657989
53100,1,-3.4272077
53100,3,0.78634375
53100,1,-1.835952
53100,3,2.4570339
53100,4,4.4013076
53100,3,0.16067903
53100,1,-2.139159
53100,3,0.5305182
53100,2,-0.81167114
53100,4,2.6826649
53100,2,0.019572213
53101,1,-1.7112243
53101,2,-0.98384017
53101,1,-0.14549883
53101,2,-0.8434046
53101,0,-3.5909388
53101,2,-1.4648706
53101,2,0.81896883
53101,4,5.0482163
53102,4,3.5063398
53102,3,2.5231738
53102,5,4.668955
53102,2,0.3147409
53102,4,3.862239
53102,12,11.85502
53102,3,3.8769586
53102,6,5.075342
53102,5,5.276703
53102,4,3.923265
53102,4,3.3815994
53102,12,11.01578
53102,2,1.2878964
53102,6,5.450382
53102,9,7.6534467
53104,2,-0.5960236
53104,3,1.2908912
53104,2,-0.7778304
53104,10,9.109089
53104,1,-1.8183848
53105,5,4.650432
53105,3,1.6342465
53105,1,-1.8941163
53105,2,-0.5207204
53105,2,0.7441782
53105,13,11.52476
53105,4,5.0790167
53105,2,0.5176287
53105,6,5.97493
53105,2,2.1378973
53105,4,4.5876813
53105,3,1.5226429
53106,1,-2.1787446
53107,3,0.6279893
53107,2,0.37259358
53107,3,0.28861576
53107,2,0.88149625
53107,4,3.4208035
53107,9,7.235252
53107,1,-0.91632855
53107,7,5.0069547
53107,6,6.1574955
53107,4,2.7503073
53107,5,4.165975
53107,6,6.041036
53107,2,1.500039
53107,3,2.318837
53107,3,1.8427504
53109,4,1.9672328
53109,2,-1.1224705
53109,2,-1.2596688
53110,3,1.9682773
53110,3,2.1581864
53110,5,4.970582
53110,2,-0.4549337
53110,3,0.4244219
53110,7,7.140202
53110,5,4.4331245
53110,3,1.101817
53110,2,-0.64553887
53110,2,0.22871585
53110,5,4.5513086
53110,3,1.1896901
53110,3,0.30104327
53111,3,1.6291295
53111,6,6.355539
53111,6,5.051752
53111,5,6.0643907
53111,8,7.340654
53111,5,4.5924582
53111,8,6.279174
53111,5,5.1169868
53111,4,3.6535501
53111,6,5.881716
53111,5,4.116294
53111,6,7.167895
53111,8,8.980439
53111,8,7.77906
53111,7,6.126102
53113,3,-0.14112724
53113,5,4.1799965
53113,5,4.952615
53113,6,6.1688294
53113,5,4.8141026
53113,1,-2.1770387
53113,3,1.3730477
53113,2,-0.52941304
53113,0,-2.2538698
53113,4,2.2196288
53113,6,5.498152
53113,4,3.9374974
53113,3,1.6396035
53113,6,7.0750165
53113,2,0.83997643
53114,14,10.497321
53114,18,11.682149
53114,12,10.577827
53114,11,9.8571205
53114,4,4.5266085
53114,2,2.8855116
53114,14,9.751336
53114,18,11.792004
53114,6,5.4010615
53114,18,11.795368
53114,6,4.9975057
53114,11,9.241652
53114,5,4.5380673
53143,3,-0.043009922
53143,2,-1.1195549
53143,2,-1.0895059
53143,2,-1.0277941
53143,4,2.8345952
53143,0,-2.7475123
53143,2,-0.8059365
53143,5,3.9933536
53143,3,0.0016485602
53143,11,11.304055
53143,2,-1.1791049
53144,4,1.1761812
53144,3,0.4759531
53144,3,1.0169111
53144,1,-1.8441772
53144,2,-1.4272237
53144,2,-1.273799
53144,2,-1.0689427
53144,1,-1.9782387
53144,0,-3.1672232
53144,0,-2.7393875
53340,1,-1.6024481
53340,0,-3.844622
53340,1,-1.6311613
53340,8,9.63108
53409,4,1.1599878
53409,1,-1.9383157
53409,-1,-3.524901
53409,2,-1.1828657
53409,2,-0.9223462
53409,3,-0.351852
53409,0,-3.0638025
53409,0,-2.726401
53409,0,-2.4839313
53409,1,-1.7970053
53409,2,-1.1074896
53414,3,1.7677828
53414,5,3.818784
53414,3,2.7931163
53414,2,-0.5246725
53414,3,0.75787526
53414,3,1.7127026
53414,2,-1.1883838
53414,3,0.3359866
53414,2,-0.6430498
53414,3,0.087642565
53414,2,-1.0470034
53414,2,-0.96853286
53414,11,11.522358
53434,4,1.0350455
53434,2,-0.9086744
53434,3,0.14313067
53434,0,-2.3994806
536,1,-2.5449526
536,2,-1.0946649
536,1,-3.416431
536,1,-2.5417101
536,1,-1.9220468
536,2,-0.75535256
536,5,4.1162724
536,3,2.4629161
536,4,2.8271759
536,5,6.1780925
54818,6,6.9376774
54818,4,2.8286211
54818,0,-1.8156534
54818,4,0.8158659
54818,3,2.9306233
54818,4,4.6409
54818,3,1.1007085
54818,4,2.6455076
54818,1,-1.7950071
54818,4,3.7501163
54818,0,-3.4245727
54831,3,0.5855439
54831,0,-2.4470704
54833,-2,-4.0232058
54833,0,-2.5333989
54834,2,0.5740405
54834,3,1.8385527
54834,3,0.65888005
54834,3,1.7577949
54834,4,3.1045997
54834,4,4.3032584
54834,0,-2.6703427
54834,0,-1.1470438
54834,6,5.1050057
54834,7,7.3463674
54834,4,3.2657006
54834,2,0.9862436
54834,3,2.2577703
54834,5,4.7593217
54834,4,3.4972508
54853,3,-0.72394484
54853,1,-2.0867865
54853,-1,-4.306258
54868,2,-0.3485912
54868,6,7.648453
54868,5,4.5571537
54868,4,5.2109213
54868,13,11.730541
54868,13,9.887518
54868,5,5.7540073
54868,0,-3.0465658
54868,2,1.9870825
54868,10,11.6248665
54868,5,4.958345
54868,5,4.6642985
54868,9,9.78441
54868,6,5.4468074
54868,4,4.073322
54896,3,3.482269
54896,6,6.983125
54896,4,3.7923167
54896,2,2.0200274
54896,6,5.574423
54896,7,8.705059
54896,4,3.0219202
54896,6,6.4060955
54896,10,11.221777
54896,5,4.671591
54896,5,5.3173327
54896,2,0.123649076
54896,8,10.757338
54896,3,2.3642776
54896,4,4.2723794
54897,6,5.181548
54897,2,-0.6281756
54897,-2,-4.7936425
54897,0,-2.6305082
54900,1,-2.0437417
54900,2,-1.0039061
54900,3,-0.4480152
54900,2,-1.2107167
54900,4,1.8634874
54900,3,-0.17035715
54900,2,-0.95325917
54900,0,-2.730068
54952,2,-0.8667835
54952,2,0.44396544
54952,3,0.23062812
54952,2,-0.851889
54952,4,1.3959477
54952,1,-0.8808926
54952,-1,-4.350679
54953,3,-0.07418011
54953,1,-1.8693105
54953,10,11.631783
54953,3,0.26241112
54953,3,1.1435925
54953,4,3.670477
54953,3,0.8415138
54953,0,-3.1591885
54953,2,-0.83331597
54960,5,4.1390166
54960,0,-2.7922363
54960,2,-1.1461724
54960,4,0.871015
54960,3,0.41775817
54960,1,-0.9883246
54960,3,0.930659
54960,0,-2.6583493
54960,1,-2.471982
54960,5,4.5614595
54960,5,3.8570912
55008,1,-1.8605367
55008,0,-2.5490696
55008,1,-1.7594242
55008,0,-2.5860326
55008,1,-1.8028969
55009,2,0.35058874
55009,10,10.578888
55009,8,9.600899
55009,2,2.9954531
55009,4,6.125512
55009,7,7.914676
55009,1,0.017076537
55009,1,-2.6440978
55009,4,1.5415193
55041,9,11.8788185
55041,2,-0.93827194
55041,2,-1.3585202
55041,1,-2.417424
55041,0,-2.4645872
55041,11,10.7962885
55041,2,-1.0725739
55041,2,-1.1085302
55041,11,11.407068
55041,2,-0.7751088
55041,3,0.4871775
55041,8,9.471771
55041,11,11.308871
55041,2,0.8718347
55042,1,-1.6153916
55042,9,9.104555
55042,1,-1.930534
55042,2,-0.95111066
55042,1,-1.8471435
55042,1,-1.5772434
55042,0,-2.5622566
55042,0,-2.609755
55045,2,-0.31795084
55045,4,1.6877757
55045,2,-0.77535814
55045,0,-2.7456157
55045,6,6.6796513
55045,4,2.1462617
55045,2,-0.46391582
55045,3,1.3693826
55057,1,-1.7788781
55057,4,3.6209443
55057,4,5.0150943
55057,1,-1.7659092
55057,6,7.066584
55057,2,1.1325561
55057,10,11.336311
55057,3,1.8673556
55057,2,-1.0104924
55057,1,-2.426386
55057,3,0.9962771
55058,11,11.315607
55058,2,1.0556865
55058,0,-1.2527972
55058,2,1.0034806
55058,3,4.1265225
55058,10,11.291219
55058,9,11.344345
55058,2,0.00750196
55058,3,1.6038054
55058,16,12.0710945
55058,2,0.97923803
55058,13,11.647024
55058,9,9.343409
55058,2,-0.5342451
55067,1,-2.0180364
55067,2,-1.1510445
55067,2,-0.93953496
55067,5,5.784394
55067,2,-0.7696173
55067,0,-3.8320782
55067,4,1.4511439
55067,2,1.8772241
55067,1,-2.5288062
55067,3,0.8449531
55067,1,-2.0187488
55067,2,0.6573034
55067,3,4.8031693
55068,0,-3.0622385
55068,0,-3.898803
55068,0,-4.1868463
55068,0,-3.1253803
55088,3,2.721529
55088,4,2.2264016
55088,2,1.6247159
55088,3,1.2282423
55088,3,1.0990396
55088,3,2.7849462
55088,3,1.6054616
55088,3,3.2044365
55088,3,1.9930692
55088,2,-0.3716762
55088,12,11.545312
55088,0,-2.2739608
55088,6,5.544
55088,1,-1.4839008
55115,1,-2.3598206
55115,2,-1.2302712
55115,2,-1.0640222
55115,2,-1.4427482
55115,0,-2.54569
55159,3,1.0752563
55159,1,-1.9561218
55159,1,-1.8640846
55159,2,-1.0372754
55159,1,-1.9284157
55159,0,-3.901942
55159,1,-1.9108963
55159,0,-3.0432432
55434,4,0.93014306
55434,3,0.5905711
55434,0,-4.133915
55434,2,-0.25549984
55434,0,-3.4746025
55434,2,-1.2360768
55434,3,0.4499601
55434,1,-1.8766836
55434,7,8.354174
55434,2,-1.23615
55434,1,-2.1307538
55439,1,-2.0207167
55439,0,-2.4201138
55439,1,-2.0650094
55439,0,-2.4979913
55439,1,-0.8258913
55452,3,-0.11653046
55452,2,-0.46844715
55452,7,7.4336457
55452,2,-1.1563063
55452,2,-0.13982336
55452,2,-0.8684446
55452,1,-2.1694725
55452,0,-2.5587165
55453,3,3.0364301
55453,2,-0.8391247
55453,4,4.9624047
55453,3,0.15300263
55453,5,5.2035136
55453,4,2.4125369
55453,3,1.6789786
55454,2,-1.0650901
55454,2,-1.1696846
55454,2,-1.1030957
55454,3,-0.13866256
55454,3,-0.12748526
55454,1,-1.7733517
55454,2,-1.7663196
55454,2,-1.3817077
55454,3,0.7749415
55462,0,-2.6145215
55463,1,-2.0810406
55464,0,-2.5706832
55484,3,0.9692263
55484,4,1.2273175
55484,2,0.69639677
55484,1,-2.197644
55484,4,1.5906621
55484,2,-0.6761616
55484,1,-2.2576241
55484,4,2.1149614
55484,6,4.4770665
55484,2,-0.7902794
55484,2,-1.2171488
55484,2,-0.8229924
55491,10,11.407426
55491,5,4.494884
55491,12,11.876587
55491,2,2.0259202
55491,4,4.7929816
55491,1,-2.028547
55491,1,-0.54440266
55491,2,-0.50226766
55491,2,0.5332531
55491,1,-1.3036767
55491,3,3.6425118
55518,1,-1.7170559
55518,3,0.22182052
55518,2,-1.0140841
55518,7,7.9042144
55518,5,6.4682727
55518,4,3.439321
55518,5,5.1449323
55518,2,1.4543155
55518,3,0.62917227
55518,1,-1.0665491
55518,2,-0.015583262
55519,3,0.15068765
55519,2,-0.79152113
55519,6,7.293281
55519,2,-0.88679063
55519,1,-1.0955698
55523,0,-2.7389328
55523,1,-1.2288216
55523,9,10.020287
55523,2,-1.150918
55523,9,11.126589
55523,2,-0.9760372
55523,1,-1.8592143
55523,2,-1.1091795
55523,0,-2.5998023
55523,2,-0.93617743
556,2,-0.8234416
556,4,3.9956586
556,6,6.9614806
556,3,0.060199425
556,3,3.0335474
556,3,1.5142628
556,5,4.097529
556,2,-1.1243142
556,3,3.1496472
556,5,5.528793
556,4,4.591102
556,5,4.345226
556,3,2.7124054
556,1,-1.2023467
55649,2,-1.2459438
55649,1,-2.239911
55649,1,-2.3509889
55649,3,-0.3054796
55649,2,-0.99377555
55649,0,-2.777503
55649,1,-1.8686346
55649,1,-1.7890763
55654,0,-2.4840276
55656,0,-2.5745735
55656,0,-2.5713623
55662,1,-1.7277693
55662,2,-0.9987801
55662,3,1.6746548
55662,2,-0.7907129
55662,3,1.8004129
55662,5,5.3663535
55662,0,-3.0330427
55663,2,-0.7027857
55663,4,1.2804167
55663,3,0.96335673
55663,4,3.247591
55663,1,-1.0690417
55666,2,-0.97907275
55666,1,-2.0635889
55666,5,5.056665
55666,2,-1.1143532
55666,2,-0.49350828
55666,5,5.057997
55666,1,-2.0150414
55666,0,-2.7139256
55666,3,-0.52549034
55666,1,-1.7029008
55667,0,-2.4968417
55667,3,-0.2554782
55667,2,-0.8034807
55667,3,1.3473567
55667,1,-2.371115
55667,4,1.9547096
55668,4,1.5541908
55668,2,2.100919
55668,2,1.65834
55668,4,4.7755456
55668,8,10.569145
55668,3,1.4211737
55668,4,3.1581268
55668,5,6.261014
55668,6,7.5162945
55668,12,11.97069
55668,4,3.7444859
55696,0,-2.4205205
55738,1,-1.7830768
55741,0,-3.270261
55741,3,3.9004042
55741,9,7.543302
55743,4,2.225599
55743,4,1.6986276
55743,0,-3.7228312
55743,1,-1.5997957
55754,12,11.807629
55754,11,11.663963
55754,3,1.665016
55754,2,-1.1039772
55754,5,4.379433
55754,1,-0.88141567
55754,0,-3.6737583
55754,1,-1.7187004
55790,1,-1.9251734
55794,11,11.346261
55871,0,-2.4341795
55966,4,2.5186713
55966,1,-1.6257298
55966,3,2.4146898
55966,3,-0.32590926
55966,1,-2.8245215
56,1,-1.7359871
56,8,7.170815
56,3,3.4147604
56,5,5.617568
56,5,4.4842057
56,2,-1.2689353
56,2,0.8118915
561,9,11.381985
561,-1,-5.0733695
561,11,10.89151
561,0,-2.0295384
561,4,2.9419286
561,2,-0.80708164
561,2,0.8739348
561,1,-3.0455487
561,4,2.3330522
561,3,0.25697148
561,1,-2.4940846
561,7,7.3875318
561,2,-0.3280735
561,4,3.6618023
564,3,1.6336514
564,1,-2.2513132
564,5,4.191398
564,4,5.6595054
564,1,-1.6538049
564,14,12.245655
564,2,0.08069904
564,9,11.638828
564,10,10.59897
564,3,3.1281445
564,16,12.137283
564,4,4.0851836
564,10,12.049147
564,2,-0.23059382
564,1,-1.9053103
5642,2,-1.4623435
5642,2,-0.71724004
5642,3,0.22511317
5642,2,-1.193148
5642,-1,-3.7523947
5642,3,-0.5899135
5642,1,-2.3802826
5642,1,-2.8056114
5642,3,0.39837706
5642,3,-0.47054327
5642,2,-1.2349652
5642,2,-1.2733291
5653,4,5.839288
5653,2,-1.5528662
5653,4,1.853647
5653,2,-1.1309955
5653,2,-1.3442929
5653,3,0.72416884
5653,1,-2.8877037
5653,2,-1.050491
5653,2,-1.8848484
5653,2,-0.4964432
5691,3,0.14629962
58,3,3.5871584
58,7,6.302626
58,4,4.3882413
58,7,6.3673553
58,7,8.514142
58,7,7.316203
58,0,-2.0974028
58,4,5.2649317
58,0,-3.6232502
58,8,6.6554
58,3,2.1054134
58,10,8.0966015
58,3,1.8070029
5916,5,4.212102
5916,6,7.157895
5916,6,6.266003
5916,4,3.3592641
5916,4,3.4581964
5916,2,-0.4986462
5916,5,4.5585847
5916,2,0.46463978
5916,9,9.701312
5916,2,-0.3486908
5916,3,2.4247653
5916,5,4.5286756
5916,3,0.9324059
5916,4,3.3279881
5917,3,1.2908527
5917,2,0.14466025
5917,3,1.7568635
5917,2,0.33679527
5917,4,3.1595757
5917,6,4.9063745
5917,3,0.5565719
5917,6,5.6004205
5917,3,1.626422
5917,4,3.1435692
5917,5,3.6300485
5917,4,3.1730864
5917,4,3.0170805
5917,5,5.3687797
5920,3,0.34357065
5920,1,-2.9755569
5920,3,1.8430648
5920,2,0.008074954
5920,4,3.2564962
5920,9,11.628885
5920,2,-1.6834465
5920,2,-1.198861
5920,2,-1.5139742
5920,1,-2.3158226
5920,2,-0.8094663
5920,2,0.5492866
5920,3,0.12550886
6025,7,6.006836
6025,1,-2.0693483
6025,2,-0.73289806
6025,1,-1.552004
6032,3,0.7191675
6032,9,8.139594
6032,10,7.524941
6032,3,1.184955
6032,8,7.8946443
6032,2,2.5077252
6032,5,4.7768664
6032,7,6.532678
6032,2,2.1100178
6032,11,7.1810174
6032,4,2.9308147
6032,3,2.902054
6032,2,0.7861246
6032,2,-0.08936767
6032,4,3.4472258
6035,3,1.2070808
6035,3,-0.06862132
6035,6,6.3138394
6035,3,2.9268982
6035,2,0.568916
6035,3,2.294487
6035,9,7.6279216
6035,3,1.7980891
6035,2,-3.0125983
6035,-9,-9.09407
6040,5,3.8113844
6040,1,-1.7303474
6040,6,7.024303
6040,2,-0.5750391
6040,10,11.287602
6040,2,0.8726996
6040,4,4.6521125
6040,5,5.3200145
6040,4,2.8519576
6040,3,2.495735
6040,3,0.9396279
6040,3,2.6088717
6040,4,6.0033135
6040,3,0.6577362
6040,4,5.805666
6041,2,-1.4135691
6041,0,-2.705084
6042,2,-1.2580506
6042,2,-1.3877691
6042,1,-1.15573
6042,6,4.817784
6042,4,0.723536
6042,2,-1.2544516
6042,2,-1.6927818
6042,2,-1.2086542
6042,1,-1.9951128
6042,2,-1.296997
6042,-1,-3.439795
6042,2,-1.0689112
6049,2,-1.3473116
6049,1,-2.07715
6049,3,-0.22044243
6049,11,10.032589
6049,2,-0.9744405
6049,1,-2.4547698
6049,3,1.3934463
6049,3,-0.31747884
6049,2,-1.2469783
6049,2,-1.5197415
6049,1,-1.2746755
6049,1,-2.2008336
6049,3,-0.25677156
6049,2,-1.153001
6053,3,0.36683095
6053,0,-2.7060025
6053,1,-1.8590314
6053,0,-2.591874
6053,2,-0.63927656
6057,5,4.4868507
6057,3,2.0229373
6057,4,3.3561988
6057,6,6.8810916
6057,1,-2.4439929
6057,5,4.800052
6057,5,4.3146567
6057,3,0.362122
6057,4,2.8607316
6057,4,3.3082283
6057,3,0.9956456
6057,9,10.472549
6057,4,3.281346
6057,4,2.7831042
6061,3,2.3189368
6061,2,-1.4588209
6061,2,-1.3106667
6061,0,-2.8681242
6061,1,-3.3716571
6061,2,-1.5912153
6061,1,-1.5782995
6061,6,6.3289037
6061,3,-0.054767117
6061,1,-1.9656788
6061,0,-2.8958368
6061,3,0.91371864
6064,2,-1.912546
6064,2,-1.0871347
6064,0,-3.2629588
6064,0,-4.0890756
6064,2,-1.6142311
6064,-1,-4.7182918
6064,0,-4.2787433
6064,1,-3.649478
6064,2,-1.5081685
6064,3,0.7521643
6068,4,1.0369596
6068,1,-2.7242162
6068,2,-0.71940786
6068,3,-0.25158864
6068,2,-1.4631184
6068,4,1.5594884
6068,2,-2.0406053
6068,2,-1.2678163
6068,3,2.6932328
6068,0,-3.6245081
6068,1,-3.5177217
6068,4,1.9930512
6068,0,-3.4981623
6068,5,5.6876597
607,2,-0.9218053
607,2,0.26273006
607,10,10.163679
607,9,11.454652
607,2,2.2200625
607,8,10.8234825
607,2,2.149187
607,4,4.5917287
607,12,11.752082
607,9,9.8182335
607,2,0.2434177
607,10,11.6049185
607,8,10.941945
607,10,10.710924
607,1,-1.0658287
63,0,-3.0463574
63,3,0.05219762
63,2,-1.4819292
7024,4,3.0100694
7024,5,5.46864
7024,6,5.906323
7024,3,3.130022
7024,10,10.617889
7024,3,3.369135
7024,4,3.389333
7024,3,1.8873008
7024,8,7.6345057
7024,3,1.7369248
7024,6,6.8224974
7024,5,5.5448756
7024,4,4.049888
7024,5,4.998591
7024,5,4.935716
7025,-1,-4.5773964
7025,2,-1.4460795
7025,6,6.640268
7025,5,5.3415666
7025,2,2.2003186
7025,5,6.0404644
73,1,-0.021234974
73,1,0.16771956
73,4,3.1993096
73,3,3.2152514
73,3,2.1968374
73,4,4.3953147
73,5,4.6276884
73,5,5.6749144
73,11,10.060144
73,4,3.722081
73,12,10.411584
73,4,3.3315408
73,4,3.0713694
74,2,-0.50565666
74,0,-3.0764942
74,1,-2.1383238
74,10,11.07818
7775,1,-2.0326092
7775,1,-2.1227982
7775,1,-2.1518102
7775,6,5.267121
7775,2,-1.5183922
7775,3,1.6107689
7775,2,-1.0554869
7775,3,0.56134987
7775,3,-0.09528273
7784,2,0.8690348
7784,3,1.7653838
7784,4,4.176164
7784,11,10.957882
7784,3,2.2500515
7784,2,-0.28326184
7784,2,0.6861456
7784,3,2.0767148
7784,3,4.5266585
7784,1,-2.7844253
7784,4,3.2391267
7784,4,3.6569276
7784,4,3.4414916
7784,5,3.8366609
7784,4,3.2559605
7843,3,1.8345655
7843,4,4.461823
7843,7,6.421372
7843,-2,-4.553257
7843,4,3.1983576
7843,6,5.6974072
7843,3,1.9061326
7843,3,2.2891524
7843,6,5.2629766
7843,4,3.8238785
7843,0,-0.56517786
7843,3,1.7492832
7843,6,5.9673085
7843,5,5.0581098
7845,2,-1.1293141
7845,1,-2.047415
7893,3,1.6097041
7893,2,-3.4030435
7893,4,3.643563
7893,7,6.3235745
7893,7,6.2000813
7893,3,0.8370299
7893,1,-1.0183594
7893,2,0.122651204
7893,2,-0.5425468
7893,3,2.4268868
7893,5,5.5626006
7893,5,5.7584605
7893,5,4.7723994
7893,4,5.1032557
7893,7,6.031918
79,3,-0.07977189
79,0,-4.0305457
79,3,0.32080105
79,2,0.12561716
79,2,-0.9249781
79,2,-0.2606337
79,1,-2.364552
79,3,3.2348764
79,2,-1.1417209
79,1,1.5163244
79,7,11.214995
79,5,4.8001018
79,2,-0.6375801
79,2,-0.2479435
79,2,-0.7982028
7910,2,-0.8477429
7910,16,12.475803
7910,2,-1.1960704
7910,3,0.32606405
7910,2,4.214774
7910,1,-0.62284344
7910,4,2.1007354
7910,2,-0.64546
7910,2,-0.80140305
7910,9,10.383263
7910,2,-0.70407045
7910,0,-2.9730318
7910,1,-1.1900328
7910,3,2.4871628
7910,16,12.524776
8171,4,2.6550386
8171,1,-3.3789387
8171,4,2.0202036
8171,5,2.738053
8171,4,1.5732653
8171,0,-4.6413484
8171,2,-0.7519482
8171,5,3.3851256
8171,3,-0.31800848
8171,4,1.9759774
8171,-5,-7.502636
8171,4,1.5351675
8171,1,-2.63743
82,5,6.5250597
82,2,0.4396866
82,5,5.6891284
82,6,6.622247
82,4,3.0307987
82,4,5.356088
8952,2,-1.7698591
8952,0,-2.9143403
8952,4,2.5174754
8952,3,0.33887917
8952,4,0.623462
8952,2,-1.4714597
8952,2,-1.6126992
8952,6,4.4172587
8952,2,-1.7464815
8952,4,3.1346185
8952,3,1.3002764
8952,-6,-6.254962
8953,3,-0.29766935
8953,4,1.8864352
8953,3,0.6648524
8953,5,4.3724513
8953,5,2.7471082
8953,-2,-4.192115
8953,-4,-7.446837
8953,2,-1.7156252
8953,3,2.4607823
8953,2,-1.1861842
8953,2,-1.2934055
91,5,3.7975924
91,4,3.3214011
91,0,-1.0179999
91,3,1.98346
91,3,3.4692233
91,2,1.4524211
91,7,6.665955
91,3,1.8921849
91,4,3.8381655
91,4,3.219058
91,3,1.6766349
91,8,8.027197
91,7,7.3996744
91,3,0.91530144
96,3,0.6870407
96,2,-0.60207665
96,2,-0.6527119
96,2,-0.5674708
96,2,-0.5329192
